[{"model": "admin.logentry", "pk": 1, "fields": {"action_time": "2022-08-12T07:51:09.709Z", "user": 1, "content_type": 7, "object_id": "1", "object_repr": "Punith1097@gmail.com", "action_flag": 1, "change_message": "[{\"added\": {}}]"}}, {"model": "admin.logentry", "pk": 2, "fields": {"action_time": "2022-08-12T07:58:27.334Z", "user": 1, "content_type": 7, "object_id": "1", "object_repr": "Punith1097@gmail.com", "action_flag": 2, "change_message": "[{\"changed\": {\"fields\": [\"Profile picture\", \"Cover photo\"]}}]"}}, {"model": "admin.logentry", "pk": 3, "fields": {"action_time": "2022-08-12T08:20:51.407Z", "user": 1, "content_type": 6, "object_id": "3", "object_repr": "", "action_flag": 1, "change_message": "[{\"added\": {}}]"}}, {"model": "admin.logentry", "pk": 4, "fields": {"action_time": "2022-08-12T08:23:18.128Z", "user": 1, "content_type": 6, "object_id": "3", "object_repr": "", "action_flag": 3, "change_message": ""}}, {"model": "admin.logentry", "pk": 5, "fields": {"action_time": "2022-08-12T08:23:37.371Z", "user": 1, "content_type": 6, "object_id": "4", "object_repr": "", "action_flag": 1, "change_message": "[{\"added\": {}}]"}}, {"model": "admin.logentry", "pk": 6, "fields": {"action_time": "2022-08-12T08:25:02.338Z", "user": 1, "content_type": 6, "object_id": "4", "object_repr": "", "action_flag": 3, "change_message": ""}}, {"model": "admin.logentry", "pk": 7, "fields": {"action_time": "2022-08-12T08:25:19.472Z", "user": 1, "content_type": 6, "object_id": "5", "object_repr": "", "action_flag": 1, "change_message": "[{\"added\": {}}]"}}, {"model": "admin.logentry", "pk": 8, "fields": {"action_time": "2022-08-12T08:25:58.333Z", "user": 1, "content_type": 6, "object_id": "5", "object_repr": "punith123@gmail.com", "action_flag": 2, "change_message": "[{\"changed\": {\"fields\": [\"First name\", \"Last name\", \"Email\", \"Phone number\"]}}]"}}, {"model": "admin.logentry", "pk": 9, "fields": {"action_time": "2022-08-12T08:27:16.997Z", "user": 1, "content_type": 6, "object_id": "5", "object_repr": "punith1234@gmail.com", "action_flag": 2, "change_message": "[{\"changed\": {\"fields\": [\"Email\"]}}]"}}, {"model": "admin.logentry", "pk": 10, "fields": {"action_time": "2022-08-12T08:43:35.394Z", "user": 1, "content_type": 7, "object_id": "1", "object_repr": "Punith1097@gmail.com", "action_flag": 3, "change_message": ""}}, {"model": "admin.logentry", "pk": 11, "fields": {"action_time": "2022-08-12T08:43:50.195Z", "user": 1, "content_type": 6, "object_id": "1", "object_repr": "Punith1097@gmail.com", "action_flag": 2, "change_message": "[{\"changed\": {\"fields\": [\"Phone number\"]}}]"}}, {"model": "admin.logentry", "pk": 12, "fields": {"action_time": "2022-08-12T08:45:42.616Z", "user": 1, "content_type": 6, "object_id": "1", "object_repr": "Punith1097@gmail.com", "action_flag": 2, "change_message": "[{\"changed\": {\"fields\": [\"Phone number\"]}}]"}}, {"model": "admin.logentry", "pk": 13, "fields": {"action_time": "2022-08-12T08:47:37.883Z", "user": 1, "content_type": 6, "object_id": "1", "object_repr": "Punith1097@gmail.com", "action_flag": 2, "change_message": "[{\"changed\": {\"fields\": [\"Phone number\"]}}]"}}, {"model": "admin.logentry", "pk": 14, "fields": {"action_time": "2022-08-12T08:50:13.788Z", "user": 1, "content_type": 7, "object_id": "3", "object_repr": "punith1234@gmail.com", "action_flag": 3, "change_message": ""}}, {"model": "admin.logentry", "pk": 15, "fields": {"action_time": "2022-08-12T08:50:24.524Z", "user": 1, "content_type": 6, "object_id": "5", "object_repr": "punith1234@gmail.com", "action_flag": 2, "change_message": "[{\"changed\": {\"fields\": [\"Phone number\"]}}]"}}, {"model": "admin.logentry", "pk": 16, "fields": {"action_time": "2022-08-12T08:50:46.688Z", "user": 1, "content_type": 6, "object_id": "1", "object_repr": "Punith1097@gmail.com", "action_flag": 2, "change_message": "[{\"changed\": {\"fields\": [\"Phone number\"]}}]"}}, {"model": "admin.logentry", "pk": 17, "fields": {"action_time": "2022-08-12T08:53:36.792Z", "user": 1, "content_type": 6, "object_id": "6", "object_repr": "", "action_flag": 1, "change_message": "[{\"added\": {}}]"}}, {"model": "admin.logentry", "pk": 18, "fields": {"action_time": "2022-08-12T08:54:21.329Z", "user": 1, "content_type": 7, "object_id": "6", "object_repr": "", "action_flag": 3, "change_message": ""}}, {"model": "admin.logentry", "pk": 19, "fields": {"action_time": "2022-08-12T08:54:35.838Z", "user": 1, "content_type": 6, "object_id": "6", "object_repr": "", "action_flag": 3, "change_message": ""}}, {"model": "admin.logentry", "pk": 20, "fields": {"action_time": "2022-08-12T08:55:05.590Z", "user": 1, "content_type": 6, "object_id": "7", "object_repr": "", "action_flag": 1, "change_message": "[{\"added\": {}}]"}}, {"model": "admin.logentry", "pk": 21, "fields": {"action_time": "2022-08-12T08:55:37.668Z", "user": 1, "content_type": 6, "object_id": "7", "object_repr": "punith321@gmail.com", "action_flag": 2, "change_message": "[{\"changed\": {\"fields\": [\"First name\", \"Last name\", \"Email\"]}}]"}}, {"model": "admin.logentry", "pk": 22, "fields": {"action_time": "2022-08-12T09:00:00.155Z", "user": 1, "content_type": 6, "object_id": "7", "object_repr": "punith321@gmail.com", "action_flag": 3, "change_message": ""}}, {"model": "admin.logentry", "pk": 23, "fields": {"action_time": "2022-08-12T09:00:01.377Z", "user": 1, "content_type": 6, "object_id": "5", "object_repr": "punith1234@gmail.com", "action_flag": 3, "change_message": ""}}, {"model": "admin.logentry", "pk": 24, "fields": {"action_time": "2022-08-12T09:00:26.408Z", "user": 1, "content_type": 6, "object_id": "8", "object_repr": "", "action_flag": 1, "change_message": "[{\"added\": {}}]"}}, {"model": "admin.logentry", "pk": 25, "fields": {"action_time": "2022-08-12T09:01:00.870Z", "user": 1, "content_type": 6, "object_id": "8", "object_repr": "punith123@gmail.com", "action_flag": 2, "change_message": "[{\"changed\": {\"fields\": [\"First name\", \"Last name\", \"Email\"]}}]"}}, {"model": "admin.logentry", "pk": 26, "fields": {"action_time": "2022-08-12T09:01:35.993Z", "user": 1, "content_type": 7, "object_id": "8", "object_repr": "punith123@gmail.com", "action_flag": 3, "change_message": ""}}, {"model": "admin.logentry", "pk": 27, "fields": {"action_time": "2022-08-12T09:02:01.000Z", "user": 1, "content_type": 6, "object_id": "8", "object_repr": "punith123@gmail.com", "action_flag": 2, "change_message": "[{\"changed\": {\"fields\": [\"Phone number\"]}}]"}}, {"model": "admin.logentry", "pk": 28, "fields": {"action_time": "2022-08-12T09:02:34.663Z", "user": 1, "content_type": 6, "object_id": "8", "object_repr": "punith123@gmail.com", "action_flag": 2, "change_message": "[{\"changed\": {\"fields\": [\"Phone number\"]}}]"}}, {"model": "admin.logentry", "pk": 29, "fields": {"action_time": "2022-08-12T12:27:32.509Z", "user": 1, "content_type": 6, "object_id": "14", "object_repr": "punisuni@gmail.com", "action_flag": 3, "change_message": ""}}, {"model": "admin.logentry", "pk": 30, "fields": {"action_time": "2022-08-12T15:56:24.142Z", "user": 1, "content_type": 6, "object_id": "18", "object_repr": "panirest@gmail.com", "action_flag": 3, "change_message": ""}}, {"model": "admin.logentry", "pk": 31, "fields": {"action_time": "2022-08-12T15:56:24.147Z", "user": 1, "content_type": 6, "object_id": "17", "object_repr": "punikani@gmail.com", "action_flag": 3, "change_message": ""}}, {"model": "admin.logentry", "pk": 32, "fields": {"action_time": "2022-08-12T15:56:24.149Z", "user": 1, "content_type": 6, "object_id": "16", "object_repr": "punimani@gmail.com", "action_flag": 3, "change_message": ""}}, {"model": "admin.logentry", "pk": 33, "fields": {"action_time": "2022-08-12T15:56:24.151Z", "user": 1, "content_type": 6, "object_id": "15", "object_repr": "punisuni@gmail.com", "action_flag": 3, "change_message": ""}}, {"model": "admin.logentry", "pk": 34, "fields": {"action_time": "2022-08-12T15:56:24.153Z", "user": 1, "content_type": 6, "object_id": "12", "object_repr": "sanga@gmail.com", "action_flag": 3, "change_message": ""}}, {"model": "admin.logentry", "pk": 35, "fields": {"action_time": "2022-08-12T15:56:24.155Z", "user": 1, "content_type": 6, "object_id": "11", "object_repr": "bali@gmail.com", "action_flag": 3, "change_message": ""}}, {"model": "admin.logentry", "pk": 36, "fields": {"action_time": "2022-08-12T15:56:24.157Z", "user": 1, "content_type": 6, "object_id": "9", "object_repr": "maheshmkurtkoti@gmail.com", "action_flag": 3, "change_message": ""}}, {"model": "admin.logentry", "pk": 37, "fields": {"action_time": "2022-08-12T15:56:24.159Z", "user": 1, "content_type": 6, "object_id": "8", "object_repr": "punith123@gmail.com", "action_flag": 3, "change_message": ""}}, {"model": "admin.logentry", "pk": 38, "fields": {"action_time": "2022-08-12T15:58:10.968Z", "user": 1, "content_type": 6, "object_id": "13", "object_repr": "punimuni@gmail.com", "action_flag": 2, "change_message": "[{\"changed\": {\"fields\": [\"Is active\"]}}]"}}, {"model": "admin.logentry", "pk": 39, "fields": {"action_time": "2022-08-12T16:16:53.583Z", "user": 1, "content_type": 6, "object_id": "13", "object_repr": "punimuni@gmail.com", "action_flag": 2, "change_message": "[]"}}, {"model": "admin.logentry", "pk": 40, "fields": {"action_time": "2022-08-12T16:17:10.989Z", "user": 1, "content_type": 6, "object_id": "19", "object_repr": "punisuni@gmail.com", "action_flag": 2, "change_message": "[{\"changed\": {\"fields\": [\"Is active\"]}}]"}}, {"model": "admin.logentry", "pk": 41, "fields": {"action_time": "2022-08-13T07:49:36.005Z", "user": 1, "content_type": 6, "object_id": "20", "object_repr": "punith88888888@gmail.com", "action_flag": 3, "change_message": ""}}, {"model": "admin.logentry", "pk": 42, "fields": {"action_time": "2022-08-13T08:14:04.330Z", "user": 1, "content_type": 6, "object_id": "21", "object_repr": "punith88888888@gmail.com", "action_flag": 3, "change_message": ""}}, {"model": "admin.logentry", "pk": 43, "fields": {"action_time": "2022-08-13T08:26:05.554Z", "user": 1, "content_type": 6, "object_id": "22", "object_repr": "punith88888888@gmail.com", "action_flag": 3, "change_message": ""}}, {"model": "admin.logentry", "pk": 44, "fields": {"action_time": "2022-08-13T08:32:12.232Z", "user": 1, "content_type": 6, "object_id": "23", "object_repr": "punith88888888@gmail.com", "action_flag": 3, "change_message": ""}}, {"model": "admin.logentry", "pk": 45, "fields": {"action_time": "2022-08-13T08:42:34.818Z", "user": 1, "content_type": 6, "object_id": "24", "object_repr": "punith88888888@gmail.com", "action_flag": 3, "change_message": ""}}, {"model": "admin.logentry", "pk": 46, "fields": {"action_time": "2022-08-13T08:43:14.606Z", "user": 1, "content_type": 6, "object_id": "25", "object_repr": "punith88888888@gmail.com", "action_flag": 3, "change_message": ""}}, {"model": "admin.logentry", "pk": 47, "fields": {"action_time": "2022-08-13T08:49:56.132Z", "user": 1, "content_type": 6, "object_id": "26", "object_repr": "punith88888888@gmail.com", "action_flag": 3, "change_message": ""}}, {"model": "admin.logentry", "pk": 48, "fields": {"action_time": "2022-08-13T08:52:58.263Z", "user": 1, "content_type": 6, "object_id": "27", "object_repr": "punith88888888@gmail.com", "action_flag": 3, "change_message": ""}}, {"model": "admin.logentry", "pk": 49, "fields": {"action_time": "2022-08-13T09:13:13.233Z", "user": 1, "content_type": 6, "object_id": "28", "object_repr": "punith88888888@gmail.com", "action_flag": 3, "change_message": ""}}, {"model": "admin.logentry", "pk": 50, "fields": {"action_time": "2022-08-13T09:14:43.662Z", "user": 1, "content_type": 6, "object_id": "19", "object_repr": "punisuni@gmail.com", "action_flag": 3, "change_message": ""}}, {"model": "admin.logentry", "pk": 51, "fields": {"action_time": "2022-08-13T09:14:43.666Z", "user": 1, "content_type": 6, "object_id": "13", "object_repr": "punimuni@gmail.com", "action_flag": 3, "change_message": ""}}, {"model": "admin.logentry", "pk": 52, "fields": {"action_time": "2022-08-13T09:14:43.668Z", "user": 1, "content_type": 6, "object_id": "10", "object_repr": "john@gmail.com", "action_flag": 3, "change_message": ""}}, {"model": "admin.logentry", "pk": 53, "fields": {"action_time": "2022-08-13T11:00:59.893Z", "user": 1, "content_type": 8, "object_id": "3", "object_repr": "Punith Restaurant", "action_flag": 2, "change_message": "[{\"changed\": {\"fields\": [\"Is approved\"]}}]"}}, {"model": "admin.logentry", "pk": 54, "fields": {"action_time": "2022-08-13T11:02:45.527Z", "user": 1, "content_type": 8, "object_id": "3", "object_repr": "Punith Restaurant", "action_flag": 2, "change_message": "[{\"changed\": {\"fields\": [\"Is approved\"]}}]"}}, {"model": "admin.logentry", "pk": 55, "fields": {"action_time": "2022-08-13T11:03:04.758Z", "user": 1, "content_type": 8, "object_id": "3", "object_repr": "Punith Restaurant", "action_flag": 2, "change_message": "[]"}}, {"model": "admin.logentry", "pk": 56, "fields": {"action_time": "2022-08-13T11:05:19.866Z", "user": 1, "content_type": 8, "object_id": "3", "object_repr": "Punith Restaurant", "action_flag": 2, "change_message": "[{\"changed\": {\"fields\": [\"Is approved\"]}}]"}}, {"model": "admin.logentry", "pk": 57, "fields": {"action_time": "2022-08-13T11:05:37.284Z", "user": 1, "content_type": 8, "object_id": "3", "object_repr": "Punith Restaurant", "action_flag": 2, "change_message": "[{\"changed\": {\"fields\": [\"Is approved\"]}}]"}}, {"model": "admin.logentry", "pk": 58, "fields": {"action_time": "2022-08-13T14:56:26.954Z", "user": 1, "content_type": 7, "object_id": "31", "object_repr": "punith888888@gmail.com", "action_flag": 2, "change_message": "[{\"changed\": {\"fields\": [\"Profile picture\", \"Cover photo\", \"Address line 1\", \"Address line 2\", \"Country\", \"State\", \"City\", \"Pincode\"]}}]"}}, {"model": "admin.logentry", "pk": 59, "fields": {"action_time": "2022-08-13T15:05:33.687Z", "user": 1, "content_type": 7, "object_id": "31", "object_repr": "punith888888@gmail.com", "action_flag": 2, "change_message": "[{\"changed\": {\"fields\": [\"Cover photo\"]}}]"}}, {"model": "admin.logentry", "pk": 60, "fields": {"action_time": "2022-08-14T07:32:56.796Z", "user": 1, "content_type": 7, "object_id": "31", "object_repr": "punith888888@gmail.com", "action_flag": 2, "change_message": "[{\"changed\": {\"fields\": [\"Address\"]}}]"}}, {"model": "admin.logentry", "pk": 61, "fields": {"action_time": "2022-08-14T12:49:08.339Z", "user": 1, "content_type": 7, "object_id": "31", "object_repr": "punith888888@gmail.com", "action_flag": 2, "change_message": "[{\"changed\": {\"fields\": [\"State\"]}}]"}}, {"model": "admin.logentry", "pk": 62, "fields": {"action_time": "2022-08-14T13:48:40.115Z", "user": 1, "content_type": 10, "object_id": "1", "object_repr": "Burgers", "action_flag": 1, "change_message": "[{\"added\": {}}]"}}, {"model": "admin.logentry", "pk": 63, "fields": {"action_time": "2022-08-14T13:51:33.790Z", "user": 1, "content_type": 10, "object_id": "2", "object_repr": "Pizza", "action_flag": 1, "change_message": "[{\"added\": {}}]"}}, {"model": "admin.logentry", "pk": 64, "fields": {"action_time": "2022-08-14T13:51:51.629Z", "user": 1, "content_type": 10, "object_id": "3", "object_repr": "Sea food", "action_flag": 1, "change_message": "[{\"added\": {}}]"}}, {"model": "admin.logentry", "pk": 65, "fields": {"action_time": "2022-08-14T13:52:02.665Z", "user": 1, "content_type": 10, "object_id": "4", "object_repr": "Chicken", "action_flag": 1, "change_message": "[{\"added\": {}}]"}}, {"model": "admin.logentry", "pk": 66, "fields": {"action_time": "2022-08-14T14:05:12.567Z", "user": 1, "content_type": 9, "object_id": "1", "object_repr": "Burger One", "action_flag": 1, "change_message": "[{\"added\": {}}]"}}, {"model": "admin.logentry", "pk": 67, "fields": {"action_time": "2022-08-14T14:06:45.714Z", "user": 1, "content_type": 9, "object_id": "2", "object_repr": "Italian Pizza", "action_flag": 1, "change_message": "[{\"added\": {}}]"}}, {"model": "admin.logentry", "pk": 68, "fields": {"action_time": "2022-08-14T14:07:45.907Z", "user": 1, "content_type": 9, "object_id": "3", "object_repr": "Pizza One", "action_flag": 1, "change_message": "[{\"added\": {}}]"}}, {"model": "admin.logentry", "pk": 69, "fields": {"action_time": "2022-08-14T14:08:27.021Z", "user": 1, "content_type": 9, "object_id": "4", "object_repr": "Sea Food One", "action_flag": 1, "change_message": "[{\"added\": {}}]"}}, {"model": "admin.logentry", "pk": 70, "fields": {"action_time": "2022-08-14T14:08:59.464Z", "user": 1, "content_type": 9, "object_id": "5", "object_repr": "Fried Chicken", "action_flag": 1, "change_message": "[{\"added\": {}}]"}}, {"model": "admin.logentry", "pk": 71, "fields": {"action_time": "2022-08-14T14:09:44.380Z", "user": 1, "content_type": 9, "object_id": "6", "object_repr": "Barbecue Chicken", "action_flag": 1, "change_message": "[{\"added\": {}}]"}}, {"model": "admin.logentry", "pk": 72, "fields": {"action_time": "2022-08-14T14:40:16.738Z", "user": 1, "content_type": 10, "object_id": "3", "object_repr": "Sea food", "action_flag": 2, "change_message": "[{\"changed\": {\"fields\": [\"Description\"]}}]"}}, {"model": "admin.logentry", "pk": 73, "fields": {"action_time": "2022-08-14T15:07:12.515Z", "user": 1, "content_type": 10, "object_id": "5", "object_repr": "Test Blank Category", "action_flag": 1, "change_message": "[{\"added\": {}}]"}}, {"model": "admin.logentry", "pk": 74, "fields": {"action_time": "2022-08-15T14:36:01.927Z", "user": 1, "content_type": 9, "object_id": "7", "object_repr": "Some food", "action_flag": 3, "change_message": ""}}, {"model": "admin.logentry", "pk": 75, "fields": {"action_time": "2022-08-16T13:43:55.506Z", "user": 1, "content_type": 8, "object_id": "4", "object_repr": "Pankaj restaurant", "action_flag": 2, "change_message": "[{\"changed\": {\"fields\": [\"Is approved\"]}}]"}}, {"model": "admin.logentry", "pk": 76, "fields": {"action_time": "2022-08-16T13:43:58.730Z", "user": 1, "content_type": 8, "object_id": "3", "object_repr": "Punith Restaurant", "action_flag": 2, "change_message": "[{\"changed\": {\"fields\": [\"Is approved\"]}}]"}}, {"model": "admin.logentry", "pk": 77, "fields": {"action_time": "2022-08-16T14:53:30.840Z", "user": 1, "content_type": 8, "object_id": "3", "object_repr": "Punith Restaurant", "action_flag": 2, "change_message": "[{\"changed\": {\"fields\": [\"Vendor slug\"]}}]"}}, {"model": "admin.logentry", "pk": 78, "fields": {"action_time": "2022-08-16T14:53:47.025Z", "user": 1, "content_type": 8, "object_id": "4", "object_repr": "Pankaj restaurant", "action_flag": 2, "change_message": "[{\"changed\": {\"fields\": [\"Vendor slug\"]}}]"}}, {"model": "admin.logentry", "pk": 79, "fields": {"action_time": "2022-08-16T15:04:07.119Z", "user": 1, "content_type": 8, "object_id": "5", "object_repr": "Jaguar Restaurant", "action_flag": 3, "change_message": ""}}, {"model": "admin.logentry", "pk": 80, "fields": {"action_time": "2022-08-16T15:40:14.995Z", "user": 1, "content_type": 9, "object_id": "1", "object_repr": "Burger One", "action_flag": 2, "change_message": "[{\"changed\": {\"fields\": [\"Description\"]}}]"}}, {"model": "admin.logentry", "pk": 81, "fields": {"action_time": "2022-08-16T15:40:15.063Z", "user": 1, "content_type": 9, "object_id": "1", "object_repr": "Burger One", "action_flag": 2, "change_message": "[]"}}, {"model": "admin.logentry", "pk": 82, "fields": {"action_time": "2022-08-16T15:40:15.295Z", "user": 1, "content_type": 9, "object_id": "1", "object_repr": "Burger One", "action_flag": 2, "change_message": "[]"}}, {"model": "admin.logentry", "pk": 83, "fields": {"action_time": "2022-08-16T15:40:31.017Z", "user": 1, "content_type": 9, "object_id": "1", "object_repr": "Burger One", "action_flag": 2, "change_message": "[{\"changed\": {\"fields\": [\"Description\"]}}]"}}, {"model": "admin.logentry", "pk": 84, "fields": {"action_time": "2022-08-17T08:54:12.637Z", "user": 1, "content_type": 11, "object_id": "4", "object_repr": "Cart object (4)", "action_flag": 3, "change_message": ""}}, {"model": "admin.logentry", "pk": 85, "fields": {"action_time": "2022-08-17T08:54:53.565Z", "user": 1, "content_type": 11, "object_id": "5", "object_repr": "Cart object (5)", "action_flag": 3, "change_message": ""}}, {"model": "admin.logentry", "pk": 86, "fields": {"action_time": "2022-08-17T08:54:53.576Z", "user": 1, "content_type": 11, "object_id": "3", "object_repr": "Cart object (3)", "action_flag": 3, "change_message": ""}}, {"model": "admin.logentry", "pk": 87, "fields": {"action_time": "2022-08-17T08:54:53.578Z", "user": 1, "content_type": 11, "object_id": "2", "object_repr": "Cart object (2)", "action_flag": 3, "change_message": ""}}, {"model": "admin.logentry", "pk": 88, "fields": {"action_time": "2022-08-17T08:54:53.580Z", "user": 1, "content_type": 11, "object_id": "1", "object_repr": "Cart object (1)", "action_flag": 3, "change_message": ""}}, {"model": "admin.logentry", "pk": 89, "fields": {"action_time": "2022-08-17T09:03:27.098Z", "user": 1, "content_type": 11, "object_id": "9", "object_repr": "Cart object (9)", "action_flag": 3, "change_message": ""}}, {"model": "admin.logentry", "pk": 90, "fields": {"action_time": "2022-08-17T14:19:40.596Z", "user": 1, "content_type": 11, "object_id": "13", "object_repr": "Cart object (13)", "action_flag": 3, "change_message": ""}}, {"model": "admin.logentry", "pk": 91, "fields": {"action_time": "2022-08-17T14:19:40.604Z", "user": 1, "content_type": 11, "object_id": "7", "object_repr": "Cart object (7)", "action_flag": 3, "change_message": ""}}, {"model": "admin.logentry", "pk": 92, "fields": {"action_time": "2022-08-17T14:19:40.607Z", "user": 1, "content_type": 11, "object_id": "6", "object_repr": "Cart object (6)", "action_flag": 3, "change_message": ""}}, {"model": "admin.logentry", "pk": 93, "fields": {"action_time": "2022-08-18T09:44:15.753Z", "user": 1, "content_type": 8, "object_id": "7", "object_repr": "Fourth Restaurant", "action_flag": 2, "change_message": "[{\"changed\": {\"fields\": [\"Is approved\"]}}]"}}, {"model": "admin.logentry", "pk": 94, "fields": {"action_time": "2022-08-18T09:44:19.071Z", "user": 1, "content_type": 8, "object_id": "6", "object_repr": "Third Restaurant", "action_flag": 2, "change_message": "[{\"changed\": {\"fields\": [\"Is approved\"]}}]"}}, {"model": "admin.logentry", "pk": 95, "fields": {"action_time": "2022-08-18T09:45:03.353Z", "user": 1, "content_type": 6, "object_id": "33", "object_repr": "thirdrestaurant@gmail.com", "action_flag": 2, "change_message": "[{\"changed\": {\"fields\": [\"Is active\"]}}]"}}, {"model": "admin.logentry", "pk": 96, "fields": {"action_time": "2022-08-18T09:45:24.830Z", "user": 1, "content_type": 6, "object_id": "34", "object_repr": "fourthrestaurant@gmail.com", "action_flag": 2, "change_message": "[{\"changed\": {\"fields\": [\"Is active\"]}}]"}}, {"model": "admin.logentry", "pk": 97, "fields": {"action_time": "2022-08-18T09:53:36.635Z", "user": 1, "content_type": 6, "object_id": "35", "object_repr": "fifthrestaurant@gmail.com", "action_flag": 2, "change_message": "[{\"changed\": {\"fields\": [\"Is active\"]}}]"}}, {"model": "admin.logentry", "pk": 98, "fields": {"action_time": "2022-08-18T09:53:57.408Z", "user": 1, "content_type": 8, "object_id": "8", "object_repr": "Fifth Restaurant", "action_flag": 2, "change_message": "[{\"changed\": {\"fields\": [\"Is approved\"]}}]"}}, {"model": "admin.logentry", "pk": 99, "fields": {"action_time": "2022-08-18T13:39:20.362Z", "user": 1, "content_type": 7, "object_id": "31", "object_repr": "punith888888@gmail.com", "action_flag": 2, "change_message": "[]"}}, {"model": "admin.logentry", "pk": 100, "fields": {"action_time": "2022-08-18T13:40:25.604Z", "user": 1, "content_type": 7, "object_id": "32", "object_repr": "punithaj.ldc19@rvce.edu.in", "action_flag": 2, "change_message": "[]"}}, {"model": "admin.logentry", "pk": 101, "fields": {"action_time": "2022-08-18T13:41:06.040Z", "user": 1, "content_type": 7, "object_id": "34", "object_repr": "thirdrestaurant@gmail.com", "action_flag": 2, "change_message": "[]"}}, {"model": "admin.logentry", "pk": 102, "fields": {"action_time": "2022-08-18T13:41:12.703Z", "user": 1, "content_type": 7, "object_id": "35", "object_repr": "fourthrestaurant@gmail.com", "action_flag": 2, "change_message": "[]"}}, {"model": "admin.logentry", "pk": 103, "fields": {"action_time": "2022-08-18T13:42:13.545Z", "user": 1, "content_type": 7, "object_id": "36", "object_repr": "fifthrestaurant@gmail.com", "action_flag": 2, "change_message": "[]"}}, {"model": "admin.logentry", "pk": 104, "fields": {"action_time": "2022-08-18T14:00:48.777Z", "user": 1, "content_type": 7, "object_id": "31", "object_repr": "punith888888@gmail.com", "action_flag": 2, "change_message": "[]"}}, {"model": "admin.logentry", "pk": 105, "fields": {"action_time": "2022-08-18T16:20:59.081Z", "user": 1, "content_type": 12, "object_id": "1", "object_repr": "OpeningHour object (1)", "action_flag": 1, "change_message": "[{\"added\": {}}]"}}, {"model": "admin.logentry", "pk": 106, "fields": {"action_time": "2022-08-18T16:21:30.072Z", "user": 1, "content_type": 12, "object_id": "2", "object_repr": "OpeningHour object (2)", "action_flag": 1, "change_message": "[{\"added\": {}}]"}}, {"model": "admin.logentry", "pk": 107, "fields": {"action_time": "2022-08-18T16:22:34.410Z", "user": 1, "content_type": 12, "object_id": "2", "object_repr": "OpeningHour object (2)", "action_flag": 3, "change_message": ""}}, {"model": "admin.logentry", "pk": 108, "fields": {"action_time": "2022-08-20T08:19:34.263Z", "user": 1, "content_type": 12, "object_id": "44", "object_repr": "Saturday", "action_flag": 2, "change_message": "[{\"changed\": {\"fields\": [\"From hour\"]}}]"}}, {"model": "admin.logentry", "pk": 109, "fields": {"action_time": "2022-08-20T08:31:12.509Z", "user": 1, "content_type": 12, "object_id": "43", "object_repr": "Saturday", "action_flag": 2, "change_message": "[{\"changed\": {\"fields\": [\"To hour\"]}}]"}}, {"model": "admin.logentry", "pk": 110, "fields": {"action_time": "2022-08-20T08:34:29.073Z", "user": 1, "content_type": 12, "object_id": "43", "object_repr": "Saturday", "action_flag": 2, "change_message": "[{\"changed\": {\"fields\": [\"To hour\"]}}]"}}, {"model": "admin.logentry", "pk": 111, "fields": {"action_time": "2022-08-20T08:46:24.113Z", "user": 1, "content_type": 12, "object_id": "43", "object_repr": "Saturday", "action_flag": 2, "change_message": "[{\"changed\": {\"fields\": [\"To hour\"]}}]"}}, {"model": "admin.logentry", "pk": 112, "fields": {"action_time": "2022-08-20T08:47:52.406Z", "user": 1, "content_type": 12, "object_id": "43", "object_repr": "Saturday", "action_flag": 2, "change_message": "[{\"changed\": {\"fields\": [\"Is closed\"]}}]"}}, {"model": "admin.logentry", "pk": 113, "fields": {"action_time": "2022-08-20T10:26:21.808Z", "user": 1, "content_type": 12, "object_id": "47", "object_repr": "Saturday", "action_flag": 2, "change_message": "[{\"changed\": {\"fields\": [\"From hour\", \"To hour\", \"Is closed\"]}}]"}}, {"model": "admin.logentry", "pk": 114, "fields": {"action_time": "2022-08-20T10:27:10.997Z", "user": 1, "content_type": 12, "object_id": "47", "object_repr": "Saturday", "action_flag": 2, "change_message": "[{\"changed\": {\"fields\": [\"From hour\", \"To hour\"]}}]"}}, {"model": "admin.logentry", "pk": 115, "fields": {"action_time": "2022-08-20T10:28:03.025Z", "user": 1, "content_type": 12, "object_id": "32", "object_repr": "Saturday", "action_flag": 2, "change_message": "[{\"changed\": {\"fields\": [\"To hour\"]}}]"}}, {"model": "admin.logentry", "pk": 116, "fields": {"action_time": "2022-08-20T10:29:12.896Z", "user": 1, "content_type": 12, "object_id": "32", "object_repr": "Saturday", "action_flag": 2, "change_message": "[{\"changed\": {\"fields\": [\"To hour\"]}}]"}}, {"model": "admin.logentry", "pk": 117, "fields": {"action_time": "2022-08-20T10:29:29.084Z", "user": 1, "content_type": 12, "object_id": "47", "object_repr": "Saturday", "action_flag": 2, "change_message": "[{\"changed\": {\"fields\": [\"To hour\"]}}]"}}, {"model": "admin.logentry", "pk": 118, "fields": {"action_time": "2022-08-20T10:38:32.581Z", "user": 1, "content_type": 12, "object_id": "39", "object_repr": "Saturday", "action_flag": 2, "change_message": "[{\"changed\": {\"fields\": [\"To hour\"]}}]"}}, {"model": "admin.logentry", "pk": 119, "fields": {"action_time": "2022-08-20T10:51:39.270Z", "user": 1, "content_type": 13, "object_id": "1", "object_repr": "CGST", "action_flag": 1, "change_message": "[{\"added\": {}}]"}}, {"model": "admin.logentry", "pk": 120, "fields": {"action_time": "2022-08-20T10:52:01.887Z", "user": 1, "content_type": 13, "object_id": "2", "object_repr": "SGST", "action_flag": 1, "change_message": "[{\"added\": {}}]"}}, {"model": "admin.logentry", "pk": 121, "fields": {"action_time": "2022-08-20T11:15:30.080Z", "user": 1, "content_type": 11, "object_id": "64", "object_repr": "Cart object (64)", "action_flag": 3, "change_message": ""}}, {"model": "admin.logentry", "pk": 122, "fields": {"action_time": "2022-08-20T11:15:38.224Z", "user": 1, "content_type": 11, "object_id": "66", "object_repr": "Cart object (66)", "action_flag": 3, "change_message": ""}}, {"model": "admin.logentry", "pk": 123, "fields": {"action_time": "2022-08-20T11:20:55.368Z", "user": 1, "content_type": 11, "object_id": "70", "object_repr": "Cart object (70)", "action_flag": 3, "change_message": ""}}, {"model": "admin.logentry", "pk": 124, "fields": {"action_time": "2022-08-20T11:20:55.374Z", "user": 1, "content_type": 11, "object_id": "69", "object_repr": "Cart object (69)", "action_flag": 3, "change_message": ""}}, {"model": "admin.logentry", "pk": 125, "fields": {"action_time": "2022-08-20T11:20:55.374Z", "user": 1, "content_type": 11, "object_id": "68", "object_repr": "Cart object (68)", "action_flag": 3, "change_message": ""}}, {"model": "admin.logentry", "pk": 126, "fields": {"action_time": "2022-08-20T15:08:24.823Z", "user": 1, "content_type": 7, "object_id": "30", "object_repr": "punith88888888@gmail.com", "action_flag": 2, "change_message": "[{\"changed\": {\"fields\": [\"Profile picture\", \"Cover photo\", \"Country\"]}}]"}}, {"model": "admin.logentry", "pk": 127, "fields": {"action_time": "2022-09-24T10:15:22.041Z", "user": 1, "content_type": 14, "object_id": "21", "object_repr": "2022092221111621", "action_flag": 3, "change_message": ""}}, {"model": "admin.logentry", "pk": 128, "fields": {"action_time": "2022-09-24T10:32:54.343Z", "user": 1, "content_type": 14, "object_id": "53", "object_repr": "2022092414001853", "action_flag": 3, "change_message": ""}}, {"model": "admin.logentry", "pk": 129, "fields": {"action_time": "2022-09-24T10:32:54.353Z", "user": 1, "content_type": 14, "object_id": "52", "object_repr": "2022092413545852", "action_flag": 3, "change_message": ""}}, {"model": "admin.logentry", "pk": 130, "fields": {"action_time": "2022-09-24T10:32:54.356Z", "user": 1, "content_type": 14, "object_id": "51", "object_repr": "2022092413424951", "action_flag": 3, "change_message": ""}}, {"model": "admin.logentry", "pk": 131, "fields": {"action_time": "2022-09-24T10:32:54.359Z", "user": 1, "content_type": 14, "object_id": "50", "object_repr": "2022092413382350", "action_flag": 3, "change_message": ""}}, {"model": "admin.logentry", "pk": 132, "fields": {"action_time": "2022-09-24T10:32:54.362Z", "user": 1, "content_type": 14, "object_id": "49", "object_repr": "2022092413373949", "action_flag": 3, "change_message": ""}}, {"model": "admin.logentry", "pk": 133, "fields": {"action_time": "2022-09-24T10:32:54.364Z", "user": 1, "content_type": 14, "object_id": "48", "object_repr": "2022092413275948", "action_flag": 3, "change_message": ""}}, {"model": "admin.logentry", "pk": 134, "fields": {"action_time": "2022-09-24T10:32:54.366Z", "user": 1, "content_type": 14, "object_id": "47", "object_repr": "2022092413232647", "action_flag": 3, "change_message": ""}}, {"model": "admin.logentry", "pk": 135, "fields": {"action_time": "2022-09-24T10:32:54.368Z", "user": 1, "content_type": 14, "object_id": "46", "object_repr": "2022092413203746", "action_flag": 3, "change_message": ""}}, {"model": "admin.logentry", "pk": 136, "fields": {"action_time": "2022-09-24T10:32:54.370Z", "user": 1, "content_type": 14, "object_id": "45", "object_repr": "2022092413201645", "action_flag": 3, "change_message": ""}}, {"model": "admin.logentry", "pk": 137, "fields": {"action_time": "2022-09-24T10:32:54.373Z", "user": 1, "content_type": 14, "object_id": "44", "object_repr": "2022092413150444", "action_flag": 3, "change_message": ""}}, {"model": "admin.logentry", "pk": 138, "fields": {"action_time": "2022-09-24T10:32:54.374Z", "user": 1, "content_type": 14, "object_id": "43", "object_repr": "2022092412384543", "action_flag": 3, "change_message": ""}}, {"model": "admin.logentry", "pk": 139, "fields": {"action_time": "2022-09-24T10:32:54.376Z", "user": 1, "content_type": 14, "object_id": "42", "object_repr": "2022092412375942", "action_flag": 3, "change_message": ""}}, {"model": "admin.logentry", "pk": 140, "fields": {"action_time": "2022-09-24T10:32:54.378Z", "user": 1, "content_type": 14, "object_id": "41", "object_repr": "2022092412374941", "action_flag": 3, "change_message": ""}}, {"model": "admin.logentry", "pk": 141, "fields": {"action_time": "2022-09-24T10:32:54.380Z", "user": 1, "content_type": 14, "object_id": "40", "object_repr": "2022092412371640", "action_flag": 3, "change_message": ""}}, {"model": "admin.logentry", "pk": 142, "fields": {"action_time": "2022-09-24T10:32:54.382Z", "user": 1, "content_type": 14, "object_id": "39", "object_repr": "2022092316544839", "action_flag": 3, "change_message": ""}}, {"model": "admin.logentry", "pk": 143, "fields": {"action_time": "2022-09-24T10:32:54.383Z", "user": 1, "content_type": 14, "object_id": "38", "object_repr": "2022092316500738", "action_flag": 3, "change_message": ""}}, {"model": "admin.logentry", "pk": 144, "fields": {"action_time": "2022-09-24T10:32:54.385Z", "user": 1, "content_type": 14, "object_id": "37", "object_repr": "2022092316202737", "action_flag": 3, "change_message": ""}}, {"model": "admin.logentry", "pk": 145, "fields": {"action_time": "2022-09-24T10:32:54.387Z", "user": 1, "content_type": 14, "object_id": "36", "object_repr": "2022092316191836", "action_flag": 3, "change_message": ""}}, {"model": "admin.logentry", "pk": 146, "fields": {"action_time": "2022-09-24T10:32:54.389Z", "user": 1, "content_type": 14, "object_id": "35", "object_repr": "2022092316120435", "action_flag": 3, "change_message": ""}}, {"model": "admin.logentry", "pk": 147, "fields": {"action_time": "2022-09-24T10:32:54.391Z", "user": 1, "content_type": 14, "object_id": "34", "object_repr": "2022092315591034", "action_flag": 3, "change_message": ""}}, {"model": "admin.logentry", "pk": 148, "fields": {"action_time": "2022-09-24T10:32:54.393Z", "user": 1, "content_type": 14, "object_id": "33", "object_repr": "2022092314295933", "action_flag": 3, "change_message": ""}}, {"model": "admin.logentry", "pk": 149, "fields": {"action_time": "2022-09-24T10:32:54.395Z", "user": 1, "content_type": 14, "object_id": "32", "object_repr": "2022092313261432", "action_flag": 3, "change_message": ""}}, {"model": "admin.logentry", "pk": 150, "fields": {"action_time": "2022-09-24T10:32:54.396Z", "user": 1, "content_type": 14, "object_id": "31", "object_repr": "2022092313245031", "action_flag": 3, "change_message": ""}}, {"model": "admin.logentry", "pk": 151, "fields": {"action_time": "2022-09-24T10:32:54.398Z", "user": 1, "content_type": 14, "object_id": "30", "object_repr": "2022092313223230", "action_flag": 3, "change_message": ""}}, {"model": "admin.logentry", "pk": 152, "fields": {"action_time": "2022-09-24T10:32:54.400Z", "user": 1, "content_type": 14, "object_id": "29", "object_repr": "2022092222021029", "action_flag": 3, "change_message": ""}}, {"model": "admin.logentry", "pk": 153, "fields": {"action_time": "2022-09-24T10:32:54.401Z", "user": 1, "content_type": 14, "object_id": "28", "object_repr": "2022092221533828", "action_flag": 3, "change_message": ""}}, {"model": "admin.logentry", "pk": 154, "fields": {"action_time": "2022-09-24T10:32:54.404Z", "user": 1, "content_type": 14, "object_id": "27", "object_repr": "2022092221491127", "action_flag": 3, "change_message": ""}}, {"model": "admin.logentry", "pk": 155, "fields": {"action_time": "2022-09-24T10:32:54.407Z", "user": 1, "content_type": 14, "object_id": "26", "object_repr": "2022092221432126", "action_flag": 3, "change_message": ""}}, {"model": "admin.logentry", "pk": 156, "fields": {"action_time": "2022-09-24T10:32:54.408Z", "user": 1, "content_type": 14, "object_id": "25", "object_repr": "2022092221423325", "action_flag": 3, "change_message": ""}}, {"model": "admin.logentry", "pk": 157, "fields": {"action_time": "2022-09-24T10:32:54.410Z", "user": 1, "content_type": 14, "object_id": "24", "object_repr": "2022092221293924", "action_flag": 3, "change_message": ""}}, {"model": "admin.logentry", "pk": 158, "fields": {"action_time": "2022-09-24T10:32:54.412Z", "user": 1, "content_type": 14, "object_id": "23", "object_repr": "2022092221205323", "action_flag": 3, "change_message": ""}}, {"model": "admin.logentry", "pk": 159, "fields": {"action_time": "2022-09-24T10:32:54.414Z", "user": 1, "content_type": 14, "object_id": "22", "object_repr": "2022092221195522", "action_flag": 3, "change_message": ""}}, {"model": "admin.logentry", "pk": 160, "fields": {"action_time": "2022-09-24T10:32:54.416Z", "user": 1, "content_type": 14, "object_id": "20", "object_repr": "2022092221094220", "action_flag": 3, "change_message": ""}}, {"model": "admin.logentry", "pk": 161, "fields": {"action_time": "2022-09-24T10:32:54.418Z", "user": 1, "content_type": 14, "object_id": "19", "object_repr": "2022092221034019", "action_flag": 3, "change_message": ""}}, {"model": "admin.logentry", "pk": 162, "fields": {"action_time": "2022-09-24T10:32:54.420Z", "user": 1, "content_type": 14, "object_id": "18", "object_repr": "2022092220550718", "action_flag": 3, "change_message": ""}}, {"model": "admin.logentry", "pk": 163, "fields": {"action_time": "2022-09-24T10:32:54.422Z", "user": 1, "content_type": 14, "object_id": "17", "object_repr": "2022092220512517", "action_flag": 3, "change_message": ""}}, {"model": "admin.logentry", "pk": 164, "fields": {"action_time": "2022-09-24T10:32:54.423Z", "user": 1, "content_type": 14, "object_id": "16", "object_repr": "2022092220504516", "action_flag": 3, "change_message": ""}}, {"model": "admin.logentry", "pk": 165, "fields": {"action_time": "2022-09-24T10:32:54.425Z", "user": 1, "content_type": 14, "object_id": "15", "object_repr": "2022092220502415", "action_flag": 3, "change_message": ""}}, {"model": "admin.logentry", "pk": 166, "fields": {"action_time": "2022-09-24T10:32:54.427Z", "user": 1, "content_type": 14, "object_id": "14", "object_repr": "2022092220500814", "action_flag": 3, "change_message": ""}}, {"model": "admin.logentry", "pk": 167, "fields": {"action_time": "2022-09-24T10:32:54.429Z", "user": 1, "content_type": 14, "object_id": "13", "object_repr": "2022092220492013", "action_flag": 3, "change_message": ""}}, {"model": "admin.logentry", "pk": 168, "fields": {"action_time": "2022-09-24T10:32:54.431Z", "user": 1, "content_type": 14, "object_id": "12", "object_repr": "2022092220454012", "action_flag": 3, "change_message": ""}}, {"model": "admin.logentry", "pk": 169, "fields": {"action_time": "2022-09-24T10:32:54.433Z", "user": 1, "content_type": 14, "object_id": "11", "object_repr": "2022092220445711", "action_flag": 3, "change_message": ""}}, {"model": "admin.logentry", "pk": 170, "fields": {"action_time": "2022-09-24T10:32:54.435Z", "user": 1, "content_type": 14, "object_id": "10", "object_repr": "2022092220433110", "action_flag": 3, "change_message": ""}}, {"model": "admin.logentry", "pk": 171, "fields": {"action_time": "2022-09-24T10:32:54.437Z", "user": 1, "content_type": 14, "object_id": "9", "object_repr": "202209222043209", "action_flag": 3, "change_message": ""}}, {"model": "admin.logentry", "pk": 172, "fields": {"action_time": "2022-09-24T10:32:54.439Z", "user": 1, "content_type": 14, "object_id": "8", "object_repr": "202209222043078", "action_flag": 3, "change_message": ""}}, {"model": "admin.logentry", "pk": 173, "fields": {"action_time": "2022-09-24T10:32:54.440Z", "user": 1, "content_type": 14, "object_id": "7", "object_repr": "202209222042257", "action_flag": 3, "change_message": ""}}, {"model": "admin.logentry", "pk": 174, "fields": {"action_time": "2022-09-24T10:32:54.442Z", "user": 1, "content_type": 14, "object_id": "6", "object_repr": "202209222040556", "action_flag": 3, "change_message": ""}}, {"model": "admin.logentry", "pk": 175, "fields": {"action_time": "2022-09-24T10:32:54.444Z", "user": 1, "content_type": 14, "object_id": "5", "object_repr": "202209222040265", "action_flag": 3, "change_message": ""}}, {"model": "admin.logentry", "pk": 176, "fields": {"action_time": "2022-09-24T10:32:54.446Z", "user": 1, "content_type": 14, "object_id": "4", "object_repr": "202209221918414", "action_flag": 3, "change_message": ""}}, {"model": "admin.logentry", "pk": 177, "fields": {"action_time": "2022-09-24T10:32:54.448Z", "user": 1, "content_type": 14, "object_id": "3", "object_repr": "2022092219503", "action_flag": 3, "change_message": ""}}, {"model": "admin.logentry", "pk": 178, "fields": {"action_time": "2022-09-24T10:32:54.450Z", "user": 1, "content_type": 14, "object_id": "2", "object_repr": "202209221909None", "action_flag": 3, "change_message": ""}}, {"model": "admin.logentry", "pk": 179, "fields": {"action_time": "2022-09-24T10:32:54.451Z", "user": 1, "content_type": 14, "object_id": "1", "object_repr": "123", "action_flag": 3, "change_message": ""}}, {"model": "admin.logentry", "pk": 180, "fields": {"action_time": "2022-09-24T10:36:46.655Z", "user": 1, "content_type": 14, "object_id": "54", "object_repr": "869547094754968", "action_flag": 1, "change_message": "[{\"added\": {}}]"}}, {"model": "admin.logentry", "pk": 181, "fields": {"action_time": "2022-09-24T10:37:46.867Z", "user": 1, "content_type": 14, "object_id": "55", "object_repr": "87598470947095", "action_flag": 1, "change_message": "[{\"added\": {}}]"}}, {"model": "admin.logentry", "pk": 182, "fields": {"action_time": "2022-09-24T10:37:57.489Z", "user": 1, "content_type": 14, "object_id": "54", "object_repr": "869547094754968", "action_flag": 3, "change_message": ""}}, {"model": "admin.logentry", "pk": 183, "fields": {"action_time": "2022-09-24T10:39:34.536Z", "user": 1, "content_type": 14, "object_id": "56", "object_repr": "375634864988758", "action_flag": 1, "change_message": "[{\"added\": {}}]"}}, {"model": "admin.logentry", "pk": 184, "fields": {"action_time": "2022-09-24T10:39:56.863Z", "user": 1, "content_type": 14, "object_id": "56", "object_repr": "375634864988758", "action_flag": 2, "change_message": "[{\"changed\": {\"fields\": [\"Email\"]}}]"}}, {"model": "admin.logentry", "pk": 185, "fields": {"action_time": "2022-09-24T10:41:07.519Z", "user": 1, "content_type": 14, "object_id": "57", "object_repr": "498674350750968", "action_flag": 1, "change_message": "[{\"added\": {}}]"}}, {"model": "admin.logentry", "pk": 186, "fields": {"action_time": "2022-09-24T11:59:34.085Z", "user": 1, "content_type": 14, "object_id": "84", "object_repr": "2022092417051684", "action_flag": 3, "change_message": ""}}, {"model": "admin.logentry", "pk": 187, "fields": {"action_time": "2022-09-24T11:59:34.196Z", "user": 1, "content_type": 14, "object_id": "83", "object_repr": "2022092417033983", "action_flag": 3, "change_message": ""}}, {"model": "admin.logentry", "pk": 188, "fields": {"action_time": "2022-09-24T11:59:34.199Z", "user": 1, "content_type": 14, "object_id": "82", "object_repr": "2022092417014982", "action_flag": 3, "change_message": ""}}, {"model": "admin.logentry", "pk": 189, "fields": {"action_time": "2022-09-24T11:59:34.200Z", "user": 1, "content_type": 14, "object_id": "81", "object_repr": "2022092417010681", "action_flag": 3, "change_message": ""}}, {"model": "admin.logentry", "pk": 190, "fields": {"action_time": "2022-09-24T11:59:34.203Z", "user": 1, "content_type": 14, "object_id": "80", "object_repr": "2022092417004080", "action_flag": 3, "change_message": ""}}, {"model": "admin.logentry", "pk": 191, "fields": {"action_time": "2022-09-24T11:59:34.205Z", "user": 1, "content_type": 14, "object_id": "79", "object_repr": "2022092417002779", "action_flag": 3, "change_message": ""}}, {"model": "admin.logentry", "pk": 192, "fields": {"action_time": "2022-09-24T11:59:34.208Z", "user": 1, "content_type": 14, "object_id": "78", "object_repr": "2022092417000678", "action_flag": 3, "change_message": ""}}, {"model": "admin.logentry", "pk": 193, "fields": {"action_time": "2022-09-24T11:59:34.210Z", "user": 1, "content_type": 14, "object_id": "77", "object_repr": "2022092416590277", "action_flag": 3, "change_message": ""}}, {"model": "admin.logentry", "pk": 194, "fields": {"action_time": "2022-09-24T11:59:34.212Z", "user": 1, "content_type": 14, "object_id": "76", "object_repr": "2022092416582776", "action_flag": 3, "change_message": ""}}, {"model": "admin.logentry", "pk": 195, "fields": {"action_time": "2022-09-24T11:59:34.214Z", "user": 1, "content_type": 14, "object_id": "75", "object_repr": "2022092416580475", "action_flag": 3, "change_message": ""}}, {"model": "admin.logentry", "pk": 196, "fields": {"action_time": "2022-09-24T11:59:34.216Z", "user": 1, "content_type": 14, "object_id": "74", "object_repr": "2022092416570874", "action_flag": 3, "change_message": ""}}, {"model": "admin.logentry", "pk": 197, "fields": {"action_time": "2022-09-24T11:59:34.218Z", "user": 1, "content_type": 14, "object_id": "73", "object_repr": "2022092416553273", "action_flag": 3, "change_message": ""}}, {"model": "admin.logentry", "pk": 198, "fields": {"action_time": "2022-09-24T11:59:34.221Z", "user": 1, "content_type": 14, "object_id": "72", "object_repr": "2022092416552172", "action_flag": 3, "change_message": ""}}, {"model": "admin.logentry", "pk": 199, "fields": {"action_time": "2022-09-24T11:59:34.224Z", "user": 1, "content_type": 14, "object_id": "71", "object_repr": "2022092416544171", "action_flag": 3, "change_message": ""}}, {"model": "admin.logentry", "pk": 200, "fields": {"action_time": "2022-09-24T11:59:34.226Z", "user": 1, "content_type": 14, "object_id": "70", "object_repr": "2022092416541670", "action_flag": 3, "change_message": ""}}, {"model": "admin.logentry", "pk": 201, "fields": {"action_time": "2022-09-24T11:59:34.228Z", "user": 1, "content_type": 14, "object_id": "69", "object_repr": "2022092416535169", "action_flag": 3, "change_message": ""}}, {"model": "admin.logentry", "pk": 202, "fields": {"action_time": "2022-09-24T11:59:34.230Z", "user": 1, "content_type": 14, "object_id": "68", "object_repr": "2022092416523968", "action_flag": 3, "change_message": ""}}, {"model": "admin.logentry", "pk": 203, "fields": {"action_time": "2022-09-24T11:59:34.233Z", "user": 1, "content_type": 14, "object_id": "67", "object_repr": "2022092416522967", "action_flag": 3, "change_message": ""}}, {"model": "admin.logentry", "pk": 204, "fields": {"action_time": "2022-09-24T11:59:34.235Z", "user": 1, "content_type": 14, "object_id": "66", "object_repr": "2022092416520366", "action_flag": 3, "change_message": ""}}, {"model": "admin.logentry", "pk": 205, "fields": {"action_time": "2022-09-24T11:59:34.237Z", "user": 1, "content_type": 14, "object_id": "65", "object_repr": "2022092416513365", "action_flag": 3, "change_message": ""}}, {"model": "admin.logentry", "pk": 206, "fields": {"action_time": "2022-09-24T11:59:34.239Z", "user": 1, "content_type": 14, "object_id": "64", "object_repr": "2022092416512364", "action_flag": 3, "change_message": ""}}, {"model": "admin.logentry", "pk": 207, "fields": {"action_time": "2022-09-24T11:59:34.242Z", "user": 1, "content_type": 14, "object_id": "63", "object_repr": "2022092416501563", "action_flag": 3, "change_message": ""}}, {"model": "admin.logentry", "pk": 208, "fields": {"action_time": "2022-09-24T11:59:34.244Z", "user": 1, "content_type": 14, "object_id": "62", "object_repr": "2022092416500262", "action_flag": 3, "change_message": ""}}, {"model": "admin.logentry", "pk": 209, "fields": {"action_time": "2022-09-24T11:59:34.246Z", "user": 1, "content_type": 14, "object_id": "61", "object_repr": "2022092416493461", "action_flag": 3, "change_message": ""}}, {"model": "admin.logentry", "pk": 210, "fields": {"action_time": "2022-09-24T11:59:34.248Z", "user": 1, "content_type": 14, "object_id": "60", "object_repr": "2022092416492560", "action_flag": 3, "change_message": ""}}, {"model": "admin.logentry", "pk": 211, "fields": {"action_time": "2022-09-24T11:59:34.250Z", "user": 1, "content_type": 14, "object_id": "59", "object_repr": "2022092416450159", "action_flag": 3, "change_message": ""}}, {"model": "admin.logentry", "pk": 212, "fields": {"action_time": "2022-09-24T11:59:34.252Z", "user": 1, "content_type": 14, "object_id": "58", "object_repr": "2022092416350458", "action_flag": 3, "change_message": ""}}, {"model": "admin.logentry", "pk": 213, "fields": {"action_time": "2022-09-24T11:59:34.254Z", "user": 1, "content_type": 14, "object_id": "57", "object_repr": "498674350750968", "action_flag": 3, "change_message": ""}}, {"model": "admin.logentry", "pk": 214, "fields": {"action_time": "2022-09-24T11:59:34.257Z", "user": 1, "content_type": 14, "object_id": "56", "object_repr": "375634864988758", "action_flag": 3, "change_message": ""}}, {"model": "admin.logentry", "pk": 215, "fields": {"action_time": "2022-09-24T11:59:34.259Z", "user": 1, "content_type": 14, "object_id": "55", "object_repr": "87598470947095", "action_flag": 3, "change_message": ""}}, {"model": "admin.logentry", "pk": 216, "fields": {"action_time": "2022-09-28T10:37:10.945Z", "user": 1, "content_type": 6, "object_id": "32", "object_repr": "punithjaguar1997@gmail.com", "action_flag": 3, "change_message": ""}}, {"model": "auth.permission", "pk": 1, "fields": {"name": "Can add log entry", "content_type": 1, "codename": "add_logentry"}}, {"model": "auth.permission", "pk": 2, "fields": {"name": "Can change log entry", "content_type": 1, "codename": "change_logentry"}}, {"model": "auth.permission", "pk": 3, "fields": {"name": "Can delete log entry", "content_type": 1, "codename": "delete_logentry"}}, {"model": "auth.permission", "pk": 4, "fields": {"name": "Can view log entry", "content_type": 1, "codename": "view_logentry"}}, {"model": "auth.permission", "pk": 5, "fields": {"name": "Can add permission", "content_type": 2, "codename": "add_permission"}}, {"model": "auth.permission", "pk": 6, "fields": {"name": "Can change permission", "content_type": 2, "codename": "change_permission"}}, {"model": "auth.permission", "pk": 7, "fields": {"name": "Can delete permission", "content_type": 2, "codename": "delete_permission"}}, {"model": "auth.permission", "pk": 8, "fields": {"name": "Can view permission", "content_type": 2, "codename": "view_permission"}}, {"model": "auth.permission", "pk": 9, "fields": {"name": "Can add group", "content_type": 3, "codename": "add_group"}}, {"model": "auth.permission", "pk": 10, "fields": {"name": "Can change group", "content_type": 3, "codename": "change_group"}}, {"model": "auth.permission", "pk": 11, "fields": {"name": "Can delete group", "content_type": 3, "codename": "delete_group"}}, {"model": "auth.permission", "pk": 12, "fields": {"name": "Can view group", "content_type": 3, "codename": "view_group"}}, {"model": "auth.permission", "pk": 13, "fields": {"name": "Can add content type", "content_type": 4, "codename": "add_contenttype"}}, {"model": "auth.permission", "pk": 14, "fields": {"name": "Can change content type", "content_type": 4, "codename": "change_contenttype"}}, {"model": "auth.permission", "pk": 15, "fields": {"name": "Can delete content type", "content_type": 4, "codename": "delete_contenttype"}}, {"model": "auth.permission", "pk": 16, "fields": {"name": "Can view content type", "content_type": 4, "codename": "view_contenttype"}}, {"model": "auth.permission", "pk": 17, "fields": {"name": "Can add session", "content_type": 5, "codename": "add_session"}}, {"model": "auth.permission", "pk": 18, "fields": {"name": "Can change session", "content_type": 5, "codename": "change_session"}}, {"model": "auth.permission", "pk": 19, "fields": {"name": "Can delete session", "content_type": 5, "codename": "delete_session"}}, {"model": "auth.permission", "pk": 20, "fields": {"name": "Can view session", "content_type": 5, "codename": "view_session"}}, {"model": "auth.permission", "pk": 21, "fields": {"name": "Can add user", "content_type": 6, "codename": "add_user"}}, {"model": "auth.permission", "pk": 22, "fields": {"name": "Can change user", "content_type": 6, "codename": "change_user"}}, {"model": "auth.permission", "pk": 23, "fields": {"name": "Can delete user", "content_type": 6, "codename": "delete_user"}}, {"model": "auth.permission", "pk": 24, "fields": {"name": "Can view user", "content_type": 6, "codename": "view_user"}}, {"model": "auth.permission", "pk": 25, "fields": {"name": "Can add user profile", "content_type": 7, "codename": "add_userprofile"}}, {"model": "auth.permission", "pk": 26, "fields": {"name": "Can change user profile", "content_type": 7, "codename": "change_userprofile"}}, {"model": "auth.permission", "pk": 27, "fields": {"name": "Can delete user profile", "content_type": 7, "codename": "delete_userprofile"}}, {"model": "auth.permission", "pk": 28, "fields": {"name": "Can view user profile", "content_type": 7, "codename": "view_userprofile"}}, {"model": "auth.permission", "pk": 29, "fields": {"name": "Can add vendor", "content_type": 8, "codename": "add_vendor"}}, {"model": "auth.permission", "pk": 30, "fields": {"name": "Can change vendor", "content_type": 8, "codename": "change_vendor"}}, {"model": "auth.permission", "pk": 31, "fields": {"name": "Can delete vendor", "content_type": 8, "codename": "delete_vendor"}}, {"model": "auth.permission", "pk": 32, "fields": {"name": "Can view vendor", "content_type": 8, "codename": "view_vendor"}}, {"model": "auth.permission", "pk": 33, "fields": {"name": "Can add food item", "content_type": 9, "codename": "add_fooditem"}}, {"model": "auth.permission", "pk": 34, "fields": {"name": "Can change food item", "content_type": 9, "codename": "change_fooditem"}}, {"model": "auth.permission", "pk": 35, "fields": {"name": "Can delete food item", "content_type": 9, "codename": "delete_fooditem"}}, {"model": "auth.permission", "pk": 36, "fields": {"name": "Can view food item", "content_type": 9, "codename": "view_fooditem"}}, {"model": "auth.permission", "pk": 37, "fields": {"name": "Can add category", "content_type": 10, "codename": "add_category"}}, {"model": "auth.permission", "pk": 38, "fields": {"name": "Can change category", "content_type": 10, "codename": "change_category"}}, {"model": "auth.permission", "pk": 39, "fields": {"name": "Can delete category", "content_type": 10, "codename": "delete_category"}}, {"model": "auth.permission", "pk": 40, "fields": {"name": "Can view category", "content_type": 10, "codename": "view_category"}}, {"model": "auth.permission", "pk": 41, "fields": {"name": "Can add cart", "content_type": 11, "codename": "add_cart"}}, {"model": "auth.permission", "pk": 42, "fields": {"name": "Can change cart", "content_type": 11, "codename": "change_cart"}}, {"model": "auth.permission", "pk": 43, "fields": {"name": "Can delete cart", "content_type": 11, "codename": "delete_cart"}}, {"model": "auth.permission", "pk": 44, "fields": {"name": "Can view cart", "content_type": 11, "codename": "view_cart"}}, {"model": "auth.permission", "pk": 45, "fields": {"name": "Can add opening hour", "content_type": 12, "codename": "add_openinghour"}}, {"model": "auth.permission", "pk": 46, "fields": {"name": "Can change opening hour", "content_type": 12, "codename": "change_openinghour"}}, {"model": "auth.permission", "pk": 47, "fields": {"name": "Can delete opening hour", "content_type": 12, "codename": "delete_openinghour"}}, {"model": "auth.permission", "pk": 48, "fields": {"name": "Can view opening hour", "content_type": 12, "codename": "view_openinghour"}}, {"model": "auth.permission", "pk": 49, "fields": {"name": "Can add tax", "content_type": 13, "codename": "add_tax"}}, {"model": "auth.permission", "pk": 50, "fields": {"name": "Can change tax", "content_type": 13, "codename": "change_tax"}}, {"model": "auth.permission", "pk": 51, "fields": {"name": "Can delete tax", "content_type": 13, "codename": "delete_tax"}}, {"model": "auth.permission", "pk": 52, "fields": {"name": "Can view tax", "content_type": 13, "codename": "view_tax"}}, {"model": "auth.permission", "pk": 53, "fields": {"name": "Can add order", "content_type": 14, "codename": "add_order"}}, {"model": "auth.permission", "pk": 54, "fields": {"name": "Can change order", "content_type": 14, "codename": "change_order"}}, {"model": "auth.permission", "pk": 55, "fields": {"name": "Can delete order", "content_type": 14, "codename": "delete_order"}}, {"model": "auth.permission", "pk": 56, "fields": {"name": "Can view order", "content_type": 14, "codename": "view_order"}}, {"model": "auth.permission", "pk": 57, "fields": {"name": "Can add payment", "content_type": 15, "codename": "add_payment"}}, {"model": "auth.permission", "pk": 58, "fields": {"name": "Can change payment", "content_type": 15, "codename": "change_payment"}}, {"model": "auth.permission", "pk": 59, "fields": {"name": "Can delete payment", "content_type": 15, "codename": "delete_payment"}}, {"model": "auth.permission", "pk": 60, "fields": {"name": "Can view payment", "content_type": 15, "codename": "view_payment"}}, {"model": "auth.permission", "pk": 61, "fields": {"name": "Can add ordered food", "content_type": 16, "codename": "add_orderedfood"}}, {"model": "auth.permission", "pk": 62, "fields": {"name": "Can change ordered food", "content_type": 16, "codename": "change_orderedfood"}}, {"model": "auth.permission", "pk": 63, "fields": {"name": "Can delete ordered food", "content_type": 16, "codename": "delete_orderedfood"}}, {"model": "auth.permission", "pk": 64, "fields": {"name": "Can view ordered food", "content_type": 16, "codename": "view_orderedfood"}}, {"model": "contenttypes.contenttype", "pk": 1, "fields": {"app_label": "admin", "model": "logentry"}}, {"model": "contenttypes.contenttype", "pk": 2, "fields": {"app_label": "auth", "model": "permission"}}, {"model": "contenttypes.contenttype", "pk": 3, "fields": {"app_label": "auth", "model": "group"}}, {"model": "contenttypes.contenttype", "pk": 4, "fields": {"app_label": "contenttypes", "model": "contenttype"}}, {"model": "contenttypes.contenttype", "pk": 5, "fields": {"app_label": "sessions", "model": "session"}}, {"model": "contenttypes.contenttype", "pk": 6, "fields": {"app_label": "accounts", "model": "user"}}, {"model": "contenttypes.contenttype", "pk": 7, "fields": {"app_label": "accounts", "model": "userprofile"}}, {"model": "contenttypes.contenttype", "pk": 8, "fields": {"app_label": "vendor", "model": "vendor"}}, {"model": "contenttypes.contenttype", "pk": 9, "fields": {"app_label": "menu", "model": "fooditem"}}, {"model": "contenttypes.contenttype", "pk": 10, "fields": {"app_label": "menu", "model": "category"}}, {"model": "contenttypes.contenttype", "pk": 11, "fields": {"app_label": "marketplace", "model": "cart"}}, {"model": "contenttypes.contenttype", "pk": 12, "fields": {"app_label": "vendor", "model": "openinghour"}}, {"model": "contenttypes.contenttype", "pk": 13, "fields": {"app_label": "marketplace", "model": "tax"}}, {"model": "contenttypes.contenttype", "pk": 14, "fields": {"app_label": "orders", "model": "order"}}, {"model": "contenttypes.contenttype", "pk": 15, "fields": {"app_label": "orders", "model": "payment"}}, {"model": "contenttypes.contenttype", "pk": 16, "fields": {"app_label": "orders", "model": "orderedfood"}}, {"model": "sessions.session", "pk": "1c5zleqi5y5i30li4zjd7nzpunk0raiq", "fields": {"session_data": ".eJxVjDsOwjAQBe_iGlnegH-U9DmDZe-ucQDZUpxUiLuTSCmgfTPz3iLEdSlh7TyHicRVgDj9binik-sO6BHrvUlsdZmnJHdFHrTLsRG_bof7d1BiL1ttvSGVQREpn7Vi4MGQS-iMsj47GjRaYA1RxQSYDHnM9sKbcfboUxafL-mmOJ4:1oPJWl:1L3KyqCP-OJixv4ciZnmwJBR6DVwKd6lrK9ZkwfLr8I", "expire_date": "2022-09-03T08:08:19.223Z"}}, {"model": "sessions.session", "pk": "45z6f5pff7fxsxk72bqavpemhucrvs5w", "fields": {"session_data": ".eJxVjDsOwjAQBe_iGlnegH-U9DmDZe-ucQDZUpxUiLuTSCmgfTPz3iLEdSlh7TyHicRVgDj9binik-sO6BHrvUlsdZmnJHdFHrTLsRG_bof7d1BiL1ttvSGVQREpn7Vi4MGQS-iMsj47GjRaYA1RxQSYDHnM9sKbcfboUxafL-mmOJ4:1obdSg:rc1CPtx23XXEfP6iQS9yEeegBCJymk76ykpRXCJ9B6E", "expire_date": "2022-10-07T07:51:02.029Z"}}, {"model": "sessions.session", "pk": "5xlwcg2hxza4dt03wybcns23gwlyqa8q", "fields": {"session_data": ".eJxVjDsOwjAQBe_iGlnegH-U9DmDZe-ucQDZUpxUiLuTSCmgfTPz3iLEdSlh7TyHicRVgDj9binik-sO6BHrvUlsdZmnJHdFHrTLsRG_bof7d1BiL1ttvSGVQREpn7Vi4MGQS-iMsj47GjRaYA1RxQSYDHnM9sKbcfboUxafL-mmOJ4:1oPg7g:oHFoypfRUJ-aCLnBqPkbAb-wLgGuAh5VfUCUg35lf34", "expire_date": "2022-09-04T08:15:56.662Z"}}, {"model": "sessions.session", "pk": "9jtpxrc4hr649f4jwg99ngsodngakkyh", "fields": {"session_data": ".eJxVjDsOwjAQBe_iGlnegH-U9DmDZe-ucQDZUpxUiLuTSCmgfTPz3iLEdSlh7TyHicRVgDj9binik-sO6BHrvUlsdZmnJHdFHrTLsRG_bof7d1BiL1ttvSGVQREpn7Vi4MGQS-iMsj47GjRaYA1RxQSYDHnM9sKbcfboUxafL-mmOJ4:1oMlAI:CCGymGVGRCbFzpWgyG_XtBVewA1qSie3xjrKGWu45SE", "expire_date": "2022-08-27T07:02:34.563Z"}}, {"model": "sessions.session", "pk": "bie1t1yr4k6vxkjp5lrxdmz7i61ly2t6", "fields": {"session_data": ".eJxVjDsOwjAQBe_iGlnegH-U9DmDZe-ucQDZUpxUiLuTSCmgfTPz3iLEdSlh7TyHicRVgDj9binik-sO6BHrvUlsdZmnJHdFHrTLsRG_bof7d1BiL1ttvSGVQREpn7Vi4MGQS-iMsj47GjRaYA1RxQSYDHnM9sKbcfboUxafL-mmOJ4:1oN7nl:b3GNI20qvjdSR_wPSPSm167QuyjghtlivWo7bSTmIL8", "expire_date": "2022-08-28T07:12:49.684Z"}}, {"model": "sessions.session", "pk": "ecn9lnxy2mhw9kulho3beuxd6qorvpqn", "fields": {"session_data": ".eJxVjDsOwjAQBe_iGlnegH-U9DmDZe-ucQDZUpxUiLuTSCmgfTPz3iLEdSlh7TyHicRVgDj9binik-sO6BHrvUlsdZmnJHdFHrTLsRG_bof7d1BiL1ttvSGVQREpn7Vi4MGQS-iMsj47GjRaYA1RxQSYDHnM9sKbcfboUxafL-mmOJ4:1oODco:PvEhJsDqOFaHjMNmaWz6xSlZShA1DA3cpZhgaOu72u8", "expire_date": "2022-08-31T07:38:02.854Z"}}, {"model": "sessions.session", "pk": "fvhybt67ce73ljb7qx5f4a74qfb6unf6", "fields": {"session_data": ".eJxVjDsOwjAQBe_iGlnegH-U9DmDZe-ucQDZUpxUiLuTSCmgfTPz3iLEdSlh7TyHicRVgDj9binik-sO6BHrvUlsdZmnJHdFHrTLsRG_bof7d1BiL1ttvSGVQREpn7Vi4MGQS-iMsj47GjRaYA1RxQSYDHnM9sKbcfboUxafL-mmOJ4:1oMXDS:Yl2hD1Gh6XlnYGJY9_Y3sqJXkCkhhZvJyiJtx2oYk44", "expire_date": "2022-08-26T16:08:54.384Z"}}, {"model": "sessions.session", "pk": "h0ynlzc52e8l44aaaokipiktcxfbqcts", "fields": {"session_data": ".eJxVjDsOwjAQBe_iGlnegH-U9DmDZe-ucQDZUpxUiLuTSCmgfTPz3iLEdSlh7TyHicRVgDj9binik-sO6BHrvUlsdZmnJHdFHrTLsRG_bof7d1BiL1ttvSGVQREpn7Vi4MGQS-iMsj47GjRaYA1RxQSYDHnM9sKbcfboUxafL-mmOJ4:1odXg2:_yrimLllljfCsjcMMiZuBmTYILfuJEgAkzPu_lJ4J1U", "expire_date": "2022-10-12T14:04:42.677Z"}}, {"model": "sessions.session", "pk": "kfrb2wrun3fwgzv58iw77nzob82fkmhp", "fields": {"session_data": ".eJxVjDsOwjAQBe_iGlnegH-U9DmDZe-ucQDZUpxUiLuTSCmgfTPz3iLEdSlh7TyHicRVgDj9binik-sO6BHrvUlsdZmnJHdFHrTLsRG_bof7d1BiL1ttvSGVQREpn7Vi4MGQS-iMsj47GjRaYA1RxQSYDHnM9sKbcfboUxafL-mmOJ4:1oP3TD:kGCAJ1XQ3z5wwRjKqFkRddiwaFRqVzHmHPoZiYs8FXE", "expire_date": "2022-09-02T14:59:35.221Z"}}, {"model": "sessions.session", "pk": "r0xgltawqs2x74k4vbcgc9oaslpnglsu", "fields": {"session_data": ".eJxVjDsOwjAQBe_iGlnegH-U9DmDZe-ucQDZUpxUiLuTSCmgfTPz3iLEdSlh7TyHicRVgDj9binik-sO6BHrvUlsdZmnJHdFHrTLsRG_bof7d1BiL1ttvSGVQREpn7Vi4MGQS-iMsj47GjRaYA1RxQSYDHnM9sKbcfboUxafL-mmOJ4:1oc0Zu:nIDpdc9BOm7q4lBVAJic5ZT4YTux3HjD0rAvhOAeTs4", "expire_date": "2022-10-08T08:32:02.642Z"}}, {"model": "sessions.session", "pk": "sesuyd9952cb5yvnxm1j7v040qakc8gc", "fields": {"session_data": ".eJxVjjsOwjAQRO_iGllrm3hjSnrOEK296yQQOVI-FeLuxFIKaGfePM1bdbRvQ7evsnQjq5sy6vKbRUovKbXgJ5V-1mku2zJGXRF9tqt-zCzT_WT_BAOtw7HG4BmyAWYIuQExYj23MbUeMOSWbZPQSGMIKJoUPYeU8SoH4UIKMR_Sibb6z2rnANGFGpW-ur324NBaqz5f8WJA_g:1oOhYV:HxT4cjOSFjwMksKCRuVdmGYTStZRRlfq7SQJvM29ggw", "expire_date": "2022-09-01T15:35:35.991Z"}}, {"model": "sessions.session", "pk": "slw27rsfs39648ekr1xkrw678mg49iir", "fields": {"session_data": ".eJxVjDsOwjAQBe_iGlnegH-U9DmDZe-ucQDZUpxUiLuTSCmgfTPz3iLEdSlh7TyHicRVgDj9binik-sO6BHrvUlsdZmnJHdFHrTLsRG_bof7d1BiL1ttvSGVQREpn7Vi4MGQS-iMsj47GjRaYA1RxQSYDHnM9sKbcfboUxafL-mmOJ4:1obId5:1ol6LAVOMIXBXcISLuK6mR0Z_qIIouQYAL8O313yBN8", "expire_date": "2022-10-06T09:36:23.829Z"}}, {"model": "sessions.session", "pk": "su1zrj26ftq17zzl5abo9tzeztl3gmjl", "fields": {"session_data": ".eJxVjEEOwiAQRe_C2pCBAjIu3XsGMjMQqRqalHZlvLtt0oVu_3vvv1Widalp7WVOY1YXZVGdfkcmeZa2k_ygdp-0TG2ZR9a7og_a9W3K5XU93L-DSr1uNYp1FBmiSI58DgCIJtDAQzHOeWsci4gzKAjFQthg9ETeoykAPqvPF_g4Nzw:1oPPBM:gIqKKMiKmOakyIFSL9aXpccSYfCHcOE0aGY8FrU4ob4", "expire_date": "2022-09-03T14:10:36.641Z"}}, {"model": "sessions.session", "pk": "tz8fo2oi3wtxspnoxorsu3y8kyuew0nh", "fields": {"session_data": ".eJxVjDsOwjAQBe_iGlnegH-U9DmDZe-ucQDZUpxUiLuTSCmgfTPz3iLEdSlh7TyHicRVgDj9binik-sO6BHrvUlsdZmnJHdFHrTLsRG_bof7d1BiL1ttvSGVQREpn7Vi4MGQS-iMsj47GjRaYA1RxQSYDHnM9sKbcfboUxafL-mmOJ4:1oNakC:FJGKFcd9W_Beud17Besn74cUf-TDG1MdtySk9ZhHxLg", "expire_date": "2022-08-29T14:07:04.563Z"}}, {"model": "sessions.session", "pk": "ue0bxwydxfxtw11398zbdpsq2xhsvpfh", "fields": {"session_data": ".eJxVjDsOwjAQBe_iGlnegH-U9DmDZe-ucQDZUpxUiLuTSCmgfTPz3iLEdSlh7TyHicRVgDj9binik-sO6BHrvUlsdZmnJHdFHrTLsRG_bof7d1BiL1ttvSGVQREpn7Vi4MGQS-iMsj47GjRaYA1RxQSYDHnM9sKbcfboUxafL-mmOJ4:1odCn6:-oyVcbCyCtouLXtDciTUjFnKKo9yj-zUnQr1BbETDik", "expire_date": "2022-10-11T15:46:36.078Z"}}, {"model": "sessions.session", "pk": "virx8z0hhfg1hx3iomu9r61xrdcxn76w", "fields": {"session_data": ".eJxVjMsOwiAQRf-FtSG8KS7d-w2EYQapGkhKuzL-uzbpQrf3nHNfLKZtrXEbtMQZ2ZlpyU6_I6T8oLYTvKd26zz3ti4z8F3hBx382pGel8P9O6hp1G8tnNFeIKTiSOqspskEKyBggVC8DFZJMh6ztxaEUUIFBCe1LN4ZpETs_QHxqTeo:1odYkV:8GfdytKiDBc7CB6qXJNi9g75FlDIAAI4JB-XljI5kIc", "expire_date": "2022-10-12T15:13:23.002Z"}}, {"model": "sessions.session", "pk": "vs5dgdwnbmblefc6tyep3x1t605936uv", "fields": {"session_data": ".eJxVjDsOwjAQBe_iGlnegH-U9DmDZe-ucQDZUpxUiLuTSCmgfTPz3iLEdSlh7TyHicRVgDj9binik-sO6BHrvUlsdZmnJHdFHrTLsRG_bof7d1BiL1ttvSGVQREpn7Vi4MGQS-iMsj47GjRaYA1RxQSYDHnM9sKbcfboUxafL-mmOJ4:1oNwr6:0w8d0vjs7lUBfB0dP8bqZcJqLwM6tgqT58VqOxlvNMg", "expire_date": "2022-08-30T13:43:40.448Z"}}, {"model": "sessions.session", "pk": "wb6ffncwp63cxxji8e9r73qlyize478c", "fields": {"session_data": ".eJxVjDsOwjAQBe_iGlnegH-U9DmDZe-ucQDZUpxUiLuTSCmgfTPz3iLEdSlh7TyHicRVgDj9binik-sO6BHrvUlsdZmnJHdFHrTLsRG_bof7d1BiL1ttvSGVQREpn7Vi4MGQS-iMsj47GjRaYA1RxQSYDHnM9sKbcfboUxafL-mmOJ4:1odPtB:XHGLw7bmU9nzLopYd5yWr9XaV2oCFRRX6hmN9pk6IgY", "expire_date": "2022-10-12T05:45:45.887Z"}}, {"model": "accounts.user", "pk": 1, "fields": {"password": "pbkdf2_sha256$260000$COWvFyALq5YlD4c8J7tP8m$I8/jZWkXUzpWWAIsLXOGqN8JHivF6yHnIefYxmdfMPM=", "first_name": "Punith", "last_name": "AJ", "username": "Punith_AJ", "email": "Punith1097@gmail.com", "phone_number": "9876543211", "role": null, "date_joined": "2022-08-11T16:41:54.249Z", "last_login": "2022-09-28T14:04:42.576Z", "created_date": "2022-08-11T16:41:54.249Z", "modified_date": "2022-08-12T08:50:46.682Z", "is_admin": true, "is_staff": true, "is_active": true, "is_superadmin": true}}, {"model": "accounts.user", "pk": 29, "fields": {"password": "pbkdf2_sha256$260000$d7pjjSriKlDmzCPzTcP2Rn$Y/nAOOZLExfOt/rD7JcmAA3/lhND+4oL0PPBwNmGDr8=", "first_name": "Punith", "last_name": "Puni", "username": "Punith_Customer", "email": "punith88888888@gmail.com", "phone_number": "9876543210", "role": 2, "date_joined": "2022-08-13T09:15:29.756Z", "last_login": "2022-09-28T14:32:50.071Z", "created_date": "2022-08-13T09:15:29.756Z", "modified_date": "2022-08-20T15:41:53.005Z", "is_admin": false, "is_staff": false, "is_active": true, "is_superadmin": false}}, {"model": "accounts.user", "pk": 30, "fields": {"password": "pbkdf2_sha256$260000$Ts0Lrsxb3eIe84OYzsKrFu$EAuQU5byVxtD6lY/YQ95jUQFEm8pjkBA/QXo/6cTosc=", "first_name": "Punith", "last_name": "Vendor", "username": "Punith_Vendor", "email": "punith888888@gmail.com", "phone_number": "", "role": 1, "date_joined": "2022-08-13T09:17:40.169Z", "last_login": "2022-08-19T16:00:40.521Z", "created_date": "2022-08-13T09:17:40.169Z", "modified_date": "2022-08-13T09:18:20.898Z", "is_admin": false, "is_staff": false, "is_active": true, "is_superadmin": false}}, {"model": "accounts.user", "pk": 31, "fields": {"password": "pbkdf2_sha256$260000$1F6Nlk98RH871aW3Eq5kWr$MJd3ddKkEPBLGzAfX1741vlkSug7aVwbGwywoTaGsfA=", "first_name": "Pankaj", "last_name": "Panku", "username": "Pankajpanku", "email": "punithaj.ldc19@rvce.edu.in", "phone_number": "", "role": 1, "date_joined": "2022-08-15T14:41:21.269Z", "last_login": "2022-09-28T15:13:22.940Z", "created_date": "2022-08-15T14:41:21.269Z", "modified_date": "2022-08-15T14:42:44.965Z", "is_admin": false, "is_staff": false, "is_active": true, "is_superadmin": false}}, {"model": "accounts.user", "pk": 33, "fields": {"password": "pbkdf2_sha256$260000$SW4WgVOB4FakCAUE6hMEd8$sjlXNXk0M2bBLGbe3xol64xpHxBva8NJOEXME88IBf0=", "first_name": "Dolu", "last_name": "Bolu", "username": "dolubolu", "email": "thirdrestaurant@gmail.com", "phone_number": "", "role": 1, "date_joined": "2022-08-18T09:42:10.955Z", "last_login": "2022-08-18T10:06:17.400Z", "created_date": "2022-08-18T09:42:10.955Z", "modified_date": "2022-08-18T09:45:03.348Z", "is_admin": false, "is_staff": false, "is_active": true, "is_superadmin": false}}, {"model": "accounts.user", "pk": 34, "fields": {"password": "pbkdf2_sha256$260000$IGNixGKYVz8uTuXAJHcqdu$WePn++YkSGCMlGECLo80ZM7qcQFELR9iBDsC51sYfUA=", "first_name": "Chinna", "last_name": "Munna", "username": "chinnamunna", "email": "fourthrestaurant@gmail.com", "phone_number": "", "role": 1, "date_joined": "2022-08-18T09:43:16.139Z", "last_login": "2022-08-19T15:57:46.560Z", "created_date": "2022-08-18T09:43:16.139Z", "modified_date": "2022-08-18T09:45:24.821Z", "is_admin": false, "is_staff": false, "is_active": true, "is_superadmin": false}}, {"model": "accounts.user", "pk": 35, "fields": {"password": "pbkdf2_sha256$260000$N1eC1FdSZ2F6GJqWVWi4AG$ETtfcdEPywX7yNDM4im6d1vshwAQGGAWX6loID8E9XY=", "first_name": "Sanga", "last_name": "Manga", "username": "sangamanga", "email": "fifthrestaurant@gmail.com", "phone_number": "", "role": 1, "date_joined": "2022-08-18T09:53:23.087Z", "last_login": "2022-08-18T09:54:15.186Z", "created_date": "2022-08-18T09:53:23.087Z", "modified_date": "2022-08-18T09:53:36.626Z", "is_admin": false, "is_staff": false, "is_active": true, "is_superadmin": false}}, {"model": "accounts.user", "pk": 36, "fields": {"password": "pbkdf2_sha256$260000$t67iu0GNPySfCJGj5nZsL9$Djz9YgcF75fqVp1DUQbFTkjcfT9fjdxf/kd+EtYMKGs=", "first_name": "Prajwal", "last_name": "Sharma", "username": "Prajwalsharma", "email": "punithjaguar1997@gmail.com", "phone_number": "8765432109", "role": 2, "date_joined": "2022-09-28T10:37:38.574Z", "last_login": "2022-09-28T10:56:56.401Z", "created_date": "2022-09-28T10:37:38.574Z", "modified_date": "2022-09-28T11:00:09.080Z", "is_admin": false, "is_staff": false, "is_active": true, "is_superadmin": false}}, {"model": "accounts.userprofile", "pk": 5, "fields": {"user": 1, "profile_picture": "", "cover_photo": "", "address": null, "country": null, "state": null, "city": null, "pincode": null, "latitude": null, "longitude": null, "location": null, "created_at": "2022-08-12T08:50:46.686Z", "modified_at": "2022-09-28T14:04:42.657Z"}}, {"model": "accounts.userprofile", "pk": 30, "fields": {"user": 29, "profile_picture": "users/profile_pictures/punith_tQ1f7fz.jpg", "cover_photo": "users/cover_photos/road_lane2.jpg", "address": "Vijayanagar 2nd Stage Park, Manchegowdana koppalu, Vijay Nagar 2nd Stage, Vijayanagar, Mysuru, Karnataka, India", "country": "India", "state": "Karnataka", "city": "Mysuru", "pincode": "570017", "latitude": "12.3363164", "longitude": "76.6018714", "location": "SRID=4326;POINT (76.6018714 12.3363164)", "created_at": "2022-08-13T09:15:29.839Z", "modified_at": "2022-09-28T14:32:50.088Z"}}, {"model": "accounts.userprofile", "pk": 31, "fields": {"user": 30, "profile_picture": "users/profile_pictures/profile-picture-4.PNG", "cover_photo": "users/cover_photos/cover-photo-4.PNG", "address": "Mysore Palace, Sayyaji Rao Road, Agrahara, Chamrajpura, Mysuru, Karnataka, India", "country": "India", "state": "Karnataka", "city": "Mysuru", "pincode": "570001", "latitude": "12.305163", "longitude": "76.65517489999999", "location": "SRID=4326;POINT (76.65517489999999 12.305163)", "created_at": "2022-08-13T09:17:40.169Z", "modified_at": "2022-08-19T16:00:40.539Z"}}, {"model": "accounts.userprofile", "pk": 32, "fields": {"user": 31, "profile_picture": "users/profile_pictures/rice-bowl.jpg", "cover_photo": "users/cover_photos/tuna-fish.jpg", "address": "Mysuru South Post Office, Mananthavadi Road, Vidyaranyapura, Mysuru, Karnataka, India", "country": "India", "state": "Karnataka", "city": "Mysuru", "pincode": "570008", "latitude": "12.2782158", "longitude": "76.64007149999999", "location": "SRID=4326;POINT (76.64007149999999 12.2782158)", "created_at": "2022-08-15T14:41:21.275Z", "modified_at": "2022-09-28T15:13:22.979Z"}}, {"model": "accounts.userprofile", "pk": 34, "fields": {"user": 33, "profile_picture": "users/profile_pictures/cover-photo-5.PNG", "cover_photo": "users/cover_photos/profile-picture-4.PNG", "address": "Srirangapatna, Karnataka, India", "country": "India", "state": "Karnataka", "city": "Srirangapatna", "pincode": null, "latitude": "12.4237094", "longitude": "76.6828604", "location": "SRID=4326;POINT (76.6828604 12.4237094)", "created_at": "2022-08-18T09:42:10.959Z", "modified_at": "2022-08-18T13:41:06.038Z"}}, {"model": "accounts.userprofile", "pk": 35, "fields": {"user": 34, "profile_picture": "users/profile_pictures/veg-pizza-600x600.jpg", "cover_photo": "users/cover_photos/profile-picture-5.PNG", "address": "Kengeri Bus Terminal, Mysore Road, Harsha Layout, Kengeri Satellite Town, Bengaluru, Karnataka, India", "country": "India", "state": "Karnataka", "city": "Bengaluru", "pincode": "560060", "latitude": "12.9136259", "longitude": "77.4870751", "location": "SRID=4326;POINT (77.4870751 12.9136259)", "created_at": "2022-08-18T09:43:16.147Z", "modified_at": "2022-08-19T15:57:46.583Z"}}, {"model": "accounts.userprofile", "pk": 36, "fields": {"user": 35, "profile_picture": "users/profile_pictures/pizza-600x600.jpg", "cover_photo": "users/cover_photos/cover-photo-5.PNG", "address": "Mandya, Karnataka, India", "country": "India", "state": "Karnataka", "city": "Mandya", "pincode": null, "latitude": "12.5218157", "longitude": "76.89514880000002", "location": "SRID=4326;POINT (76.89514880000002 12.5218157)", "created_at": "2022-08-18T09:53:23.096Z", "modified_at": "2022-08-18T13:42:13.539Z"}}, {"model": "accounts.userprofile", "pk": 37, "fields": {"user": 36, "profile_picture": "users/profile_pictures/profile-picture-4_ek6tWMR.PNG", "cover_photo": "users/cover_photos/cover-photo-1.PNG", "address": "Vijayanagar Water Tank, Manchegowdana koppalu, Vijay Nagar 2nd Stage, Vijayanagar, Mysuru, Karnataka", "country": "India", "state": "Karnataka", "city": "Mysuru", "pincode": "570017", "latitude": "12.3361369", "longitude": "76.6165407", "location": "SRID=4326;POINT (76.6165407 12.3361369)", "created_at": "2022-09-28T10:37:38.676Z", "modified_at": "2022-09-28T11:00:09.083Z"}}, {"model": "vendor.vendor", "pk": 3, "fields": {"user": 30, "user_profile": 31, "vendor_name": "Punith Restaurant", "vendor_slug": "punith-restaurant", "vendor_license": "vendor/license/road_lane_gvuTsk8.jpg", "is_approved": true, "created_at": "2022-08-13T09:17:40.169Z", "modified_at": "2022-08-18T14:05:19.237Z"}}, {"model": "vendor.vendor", "pk": 4, "fields": {"user": 31, "user_profile": 32, "vendor_name": "Pankaj restaurant", "vendor_slug": "pankaj-restaurant", "vendor_license": "vendor/license/dog.jpg", "is_approved": true, "created_at": "2022-08-15T14:41:21.373Z", "modified_at": "2022-08-18T10:17:34.474Z"}}, {"model": "vendor.vendor", "pk": 6, "fields": {"user": 33, "user_profile": 34, "vendor_name": "Third Restaurant", "vendor_slug": "third-restaurant-33", "vendor_license": "vendor/license/cover-photo-1.PNG", "is_approved": true, "created_at": "2022-08-18T09:42:11.146Z", "modified_at": "2022-08-18T10:09:08.635Z"}}, {"model": "vendor.vendor", "pk": 7, "fields": {"user": 34, "user_profile": 35, "vendor_name": "Fourth Restaurant", "vendor_slug": "fourth-restaurant-34", "vendor_license": "vendor/license/steam-rice.jpg", "is_approved": true, "created_at": "2022-08-18T09:43:16.164Z", "modified_at": "2022-08-18T10:21:10.495Z"}}, {"model": "vendor.vendor", "pk": 8, "fields": {"user": 35, "user_profile": 36, "vendor_name": "Fifth Restaurant", "vendor_slug": "fifth-restaurant-35", "vendor_license": "vendor/license/profile-picture-2.PNG", "is_approved": true, "created_at": "2022-08-18T09:53:23.113Z", "modified_at": "2022-08-18T09:55:13.523Z"}}, {"model": "vendor.openinghour", "pk": 20, "fields": {"vendor": 3, "day": 1, "from_hour": "12:30 AM", "to_hour": "08:30 AM", "is_closed": false}}, {"model": "vendor.openinghour", "pk": 21, "fields": {"vendor": 3, "day": 2, "from_hour": "09:00 AM", "to_hour": "05:00 PM", "is_closed": false}}, {"model": "vendor.openinghour", "pk": 22, "fields": {"vendor": 3, "day": 3, "from_hour": "09:00 AM", "to_hour": "05:00 PM", "is_closed": false}}, {"model": "vendor.openinghour", "pk": 23, "fields": {"vendor": 3, "day": 4, "from_hour": "09:00 AM", "to_hour": "05:00 PM", "is_closed": false}}, {"model": "vendor.openinghour", "pk": 24, "fields": {"vendor": 3, "day": 5, "from_hour": "09:30 AM", "to_hour": "05:00 PM", "is_closed": false}}, {"model": "vendor.openinghour", "pk": 26, "fields": {"vendor": 3, "day": 7, "from_hour": "", "to_hour": "", "is_closed": true}}, {"model": "vendor.openinghour", "pk": 27, "fields": {"vendor": 4, "day": 1, "from_hour": "10:00 AM", "to_hour": "08:00 PM", "is_closed": false}}, {"model": "vendor.openinghour", "pk": 28, "fields": {"vendor": 4, "day": 2, "from_hour": "10:00 AM", "to_hour": "08:00 PM", "is_closed": false}}, {"model": "vendor.openinghour", "pk": 29, "fields": {"vendor": 4, "day": 3, "from_hour": "10:00 AM", "to_hour": "06:00 PM", "is_closed": false}}, {"model": "vendor.openinghour", "pk": 30, "fields": {"vendor": 4, "day": 4, "from_hour": "09:00 AM", "to_hour": "04:00 PM", "is_closed": false}}, {"model": "vendor.openinghour", "pk": 31, "fields": {"vendor": 4, "day": 5, "from_hour": "11:00 AM", "to_hour": "09:00 PM", "is_closed": false}}, {"model": "vendor.openinghour", "pk": 32, "fields": {"vendor": 4, "day": 6, "from_hour": "10:00 AM", "to_hour": "01:00 PM", "is_closed": false}}, {"model": "vendor.openinghour", "pk": 33, "fields": {"vendor": 4, "day": 7, "from_hour": "", "to_hour": "", "is_closed": true}}, {"model": "vendor.openinghour", "pk": 34, "fields": {"vendor": 7, "day": 1, "from_hour": "10:00 AM", "to_hour": "09:00 PM", "is_closed": false}}, {"model": "vendor.openinghour", "pk": 35, "fields": {"vendor": 7, "day": 2, "from_hour": "10:00 AM", "to_hour": "09:00 PM", "is_closed": false}}, {"model": "vendor.openinghour", "pk": 36, "fields": {"vendor": 7, "day": 3, "from_hour": "10:00 AM", "to_hour": "09:00 PM", "is_closed": false}}, {"model": "vendor.openinghour", "pk": 37, "fields": {"vendor": 7, "day": 4, "from_hour": "10:00 AM", "to_hour": "09:00 PM", "is_closed": false}}, {"model": "vendor.openinghour", "pk": 38, "fields": {"vendor": 7, "day": 5, "from_hour": "10:00 AM", "to_hour": "09:00 PM", "is_closed": false}}, {"model": "vendor.openinghour", "pk": 39, "fields": {"vendor": 7, "day": 6, "from_hour": "10:00 AM", "to_hour": "06:00 PM", "is_closed": false}}, {"model": "vendor.openinghour", "pk": 40, "fields": {"vendor": 7, "day": 7, "from_hour": "", "to_hour": "", "is_closed": true}}, {"model": "vendor.openinghour", "pk": 42, "fields": {"vendor": 3, "day": 5, "from_hour": "06:00 PM", "to_hour": "10:00 PM", "is_closed": false}}, {"model": "vendor.openinghour", "pk": 47, "fields": {"vendor": 3, "day": 6, "from_hour": "10:00 AM", "to_hour": "05:00 PM", "is_closed": false}}, {"model": "menu.category", "pk": 1, "fields": {"vendor": 3, "category_name": "Burgers", "slug": "burgers", "description": "Nice burgers here, try once", "created_at": "2022-08-14T13:48:40.111Z", "updated_at": "2022-08-14T16:29:49.612Z"}}, {"model": "menu.category", "pk": 2, "fields": {"vendor": 3, "category_name": "Pizza", "slug": "pizza", "description": "Nice pizzas here", "created_at": "2022-08-14T13:51:33.787Z", "updated_at": "2022-08-14T13:51:33.788Z"}}, {"model": "menu.category", "pk": 3, "fields": {"vendor": 3, "category_name": "Sea food", "slug": "sea-food", "description": "Nice Sea foods here", "created_at": "2022-08-14T13:51:51.628Z", "updated_at": "2022-08-14T14:40:16.736Z"}}, {"model": "menu.category", "pk": 4, "fields": {"vendor": 3, "category_name": "Chicken", "slug": "chicken", "description": "", "created_at": "2022-08-14T13:52:02.663Z", "updated_at": "2022-08-14T13:52:02.663Z"}}, {"model": "menu.category", "pk": 8, "fields": {"vendor": 4, "category_name": "Ice cream", "slug": "ice-cream-8", "description": "v2 Ice Cream cat desc", "created_at": "2022-08-15T15:54:31.074Z", "updated_at": "2022-08-18T10:12:32.557Z"}}, {"model": "menu.category", "pk": 9, "fields": {"vendor": 4, "category_name": "Pizza", "slug": "pizza-9", "description": "v2 pizza cat", "created_at": "2022-08-15T16:06:01.973Z", "updated_at": "2022-08-18T10:15:29.594Z"}}, {"model": "menu.category", "pk": 10, "fields": {"vendor": 8, "category_name": "Chicken", "slug": "chicken-10", "description": "", "created_at": "2022-08-18T10:03:35.545Z", "updated_at": "2022-08-18T10:03:35.550Z"}}, {"model": "menu.category", "pk": 11, "fields": {"vendor": 6, "category_name": "Burger", "slug": "burger-11", "description": "v3 burger cat desc", "created_at": "2022-08-18T10:06:45.194Z", "updated_at": "2022-08-18T10:06:45.199Z"}}, {"model": "menu.category", "pk": 12, "fields": {"vendor": 6, "category_name": "Pizza", "slug": "pizza-12", "description": "v3 pizza cat desc", "created_at": "2022-08-18T10:07:47.894Z", "updated_at": "2022-08-18T10:07:47.900Z"}}, {"model": "menu.category", "pk": 13, "fields": {"vendor": 4, "category_name": "Burger", "slug": "burger-13", "description": "v2 burger cat desc", "created_at": "2022-08-18T10:14:26.237Z", "updated_at": "2022-08-18T10:14:26.432Z"}}, {"model": "menu.category", "pk": 14, "fields": {"vendor": 7, "category_name": "Sea food", "slug": "sea-food-14", "description": "v4 sea food cat desc", "created_at": "2022-08-18T10:18:36.693Z", "updated_at": "2022-08-18T10:18:36.761Z"}}, {"model": "menu.category", "pk": 15, "fields": {"vendor": 7, "category_name": "Chicken", "slug": "chicken-15", "description": "v4 chicken cat desc", "created_at": "2022-08-18T10:19:28.521Z", "updated_at": "2022-08-18T10:19:28.751Z"}}, {"model": "menu.fooditem", "pk": 1, "fields": {"vendor": 3, "category": 1, "food_title": "Burger One", "slug": "burger-one", "description": "Nice burger food.", "price": "10.00", "image": "foodimages/burger-600x600.jpg", "is_available": true, "created_at": "2022-08-14T14:05:12.515Z", "updated_at": "2022-08-16T15:40:31.014Z"}}, {"model": "menu.fooditem", "pk": 2, "fields": {"vendor": 3, "category": 2, "food_title": "Italian Pizza", "slug": "italian-pizza", "description": "", "price": "12.00", "image": "foodimages/italian-pizza-600x600.jpg", "is_available": true, "created_at": "2022-08-14T14:06:45.714Z", "updated_at": "2022-08-14T14:06:45.714Z"}}, {"model": "menu.fooditem", "pk": 3, "fields": {"vendor": 3, "category": 2, "food_title": "Pizza One", "slug": "pizza-one", "description": "", "price": "15.00", "image": "foodimages/pizza-600x600.jpg", "is_available": true, "created_at": "2022-08-14T14:07:45.905Z", "updated_at": "2022-08-14T14:07:45.905Z"}}, {"model": "menu.fooditem", "pk": 5, "fields": {"vendor": 3, "category": 4, "food_title": "Fried Chicken", "slug": "fried-chicken", "description": "", "price": "15.00", "image": "foodimages/Pan-Fried-Chicken-600x600.jpg", "is_available": true, "created_at": "2022-08-14T14:08:59.462Z", "updated_at": "2022-08-14T14:08:59.462Z"}}, {"model": "menu.fooditem", "pk": 6, "fields": {"vendor": 3, "category": 4, "food_title": "Barbecue Chicken", "slug": "barbecue-chicken", "description": "", "price": "25.00", "image": "foodimages/chicken-barbeque.jpg", "is_available": false, "created_at": "2022-08-14T14:09:44.375Z", "updated_at": "2022-08-15T15:30:29.694Z"}}, {"model": "menu.fooditem", "pk": 10, "fields": {"vendor": 4, "category": 13, "food_title": "Vendor2 burger", "slug": "vendor2-burger", "description": "v2 burger description", "price": "10.00", "image": "foodimages/burger-600x600_vm0eSU4.jpg", "is_available": true, "created_at": "2022-08-18T07:30:06.629Z", "updated_at": "2022-08-18T10:14:46.089Z"}}, {"model": "menu.fooditem", "pk": 11, "fields": {"vendor": 4, "category": 9, "food_title": "v2 pizza", "slug": "v2-pizza", "description": "v2 pizza description", "price": "20.00", "image": "foodimages/veg-pizza-600x600.jpg", "is_available": true, "created_at": "2022-08-18T07:31:06.973Z", "updated_at": "2022-08-18T07:31:06.973Z"}}, {"model": "menu.fooditem", "pk": 12, "fields": {"vendor": 8, "category": 10, "food_title": "V5 chicken 1", "slug": "v5-chicken-1", "description": "v5 chicken food desc", "price": "10.00", "image": "foodimages/chicken-600x600_6XdDm0M.jpg", "is_available": true, "created_at": "2022-08-18T10:04:55.235Z", "updated_at": "2022-08-18T10:04:55.235Z"}}, {"model": "menu.fooditem", "pk": 13, "fields": {"vendor": 8, "category": 10, "food_title": "v5 chicken 2", "slug": "v5-chicken-2", "description": "v5 chicken 2 desc", "price": "15.00", "image": "foodimages/Pan-Fried-Chicken-600x600_mL4bfIL.jpg", "is_available": true, "created_at": "2022-08-18T10:05:59.137Z", "updated_at": "2022-08-18T10:05:59.137Z"}}, {"model": "menu.fooditem", "pk": 14, "fields": {"vendor": 6, "category": 11, "food_title": "v3 burger 1", "slug": "v3-burger-1", "description": "v3 burger 1 desc", "price": "20.00", "image": "foodimages/burger-600x600_CveFGeX.jpg", "is_available": true, "created_at": "2022-08-18T10:07:14.005Z", "updated_at": "2022-08-18T10:07:14.005Z"}}, {"model": "menu.fooditem", "pk": 15, "fields": {"vendor": 6, "category": 12, "food_title": "v3 pizza 1", "slug": "v3-pizza-1", "description": "v3 pizza 1 desc", "price": "15.00", "image": "foodimages/italian-pizza-600x600_XkuuSme.jpg", "is_available": true, "created_at": "2022-08-18T10:08:27.714Z", "updated_at": "2022-08-18T10:08:27.714Z"}}, {"model": "menu.fooditem", "pk": 16, "fields": {"vendor": 4, "category": 8, "food_title": "v2 ice cream 1", "slug": "v2-ice-cream-1", "description": "v2 ice cream 1 desc", "price": "5.00", "image": "foodimages/profile-picture-1_ZA9j9zO.PNG", "is_available": true, "created_at": "2022-08-18T10:13:42.133Z", "updated_at": "2022-08-18T10:13:42.133Z"}}, {"model": "menu.fooditem", "pk": 17, "fields": {"vendor": 7, "category": 14, "food_title": "v4 sea food 1", "slug": "v4-sea-food-1", "description": "v4 sea food 1 desc", "price": "25.00", "image": "foodimages/tuna-fish.jpg", "is_available": true, "created_at": "2022-08-18T10:20:07.506Z", "updated_at": "2022-08-18T10:20:07.506Z"}}, {"model": "menu.fooditem", "pk": 18, "fields": {"vendor": 7, "category": 15, "food_title": "v4 chicken 1", "slug": "v4-chicken-1", "description": "v4 chicken 1 desc", "price": "30.00", "image": "foodimages/chicken-barbeque_jZ0q6Hg.jpg", "is_available": true, "created_at": "2022-08-18T10:20:43.575Z", "updated_at": "2022-08-18T10:20:43.575Z"}}, {"model": "marketplace.cart", "pk": 86, "fields": {"user": 29, "fooditem": 10, "quantity": 2, "created_at": "2022-09-24T11:04:32.243Z", "updated_at": "2022-09-28T14:33:28.513Z"}}, {"model": "marketplace.cart", "pk": 92, "fields": {"user": 29, "fooditem": 14, "quantity": 2, "created_at": "2022-09-24T12:04:05.107Z", "updated_at": "2022-09-28T09:28:44.647Z"}}, {"model": "marketplace.cart", "pk": 93, "fields": {"user": 29, "fooditem": 11, "quantity": 1, "created_at": "2022-09-24T12:04:13.729Z", "updated_at": "2022-09-24T12:04:13.729Z"}}, {"model": "marketplace.cart", "pk": 94, "fields": {"user": 29, "fooditem": 17, "quantity": 1, "created_at": "2022-09-27T13:54:03.484Z", "updated_at": "2022-09-27T13:54:03.484Z"}}, {"model": "marketplace.cart", "pk": 95, "fields": {"user": 29, "fooditem": 18, "quantity": 1, "created_at": "2022-09-27T15:23:46.965Z", "updated_at": "2022-09-27T15:23:46.965Z"}}, {"model": "marketplace.cart", "pk": 96, "fields": {"user": 29, "fooditem": 2, "quantity": 1, "created_at": "2022-09-28T05:42:27.415Z", "updated_at": "2022-09-28T05:42:27.415Z"}}, {"model": "marketplace.cart", "pk": 97, "fields": {"user": 36, "fooditem": 1, "quantity": 1, "created_at": "2022-09-28T10:57:19.185Z", "updated_at": "2022-09-28T10:57:19.185Z"}}, {"model": "marketplace.cart", "pk": 98, "fields": {"user": 36, "fooditem": 2, "quantity": 1, "created_at": "2022-09-28T10:57:20.687Z", "updated_at": "2022-09-28T10:57:20.687Z"}}, {"model": "marketplace.cart", "pk": 99, "fields": {"user": 36, "fooditem": 16, "quantity": 1, "created_at": "2022-09-28T10:57:27.459Z", "updated_at": "2022-09-28T10:57:27.459Z"}}, {"model": "marketplace.cart", "pk": 100, "fields": {"user": 36, "fooditem": 11, "quantity": 1, "created_at": "2022-09-28T10:57:28.913Z", "updated_at": "2022-09-28T10:57:28.913Z"}}, {"model": "marketplace.cart", "pk": 101, "fields": {"user": 36, "fooditem": 17, "quantity": 1, "created_at": "2022-09-28T10:57:36.645Z", "updated_at": "2022-09-28T10:57:36.645Z"}}, {"model": "marketplace.cart", "pk": 102, "fields": {"user": 36, "fooditem": 18, "quantity": 2, "created_at": "2022-09-28T10:57:37.778Z", "updated_at": "2022-09-28T10:57:38.209Z"}}, {"model": "marketplace.cart", "pk": 103, "fields": {"user": 29, "fooditem": 16, "quantity": 1, "created_at": "2022-09-28T14:33:30.883Z", "updated_at": "2022-09-28T14:33:30.883Z"}}, {"model": "marketplace.tax", "pk": 1, "fields": {"tax_type": "CGST", "tax_percentage": "9.00", "is_active": true}}, {"model": "marketplace.tax", "pk": 2, "fields": {"tax_type": "SGST", "tax_percentage": "7.00", "is_active": true}}, {"model": "orders.payment", "pk": 1, "fields": {"user": 29, "transaction_id": "0N517004WX144843Y", "payment_method": "PayPal", "amount": "42.92", "status": "COMPLETED", "created_at": "2022-09-22T15:41:44.264Z"}}, {"model": "orders.payment", "pk": 2, "fields": {"user": 29, "transaction_id": "19G03127G7345233P", "payment_method": "PayPal", "amount": "42.92", "status": "COMPLETED", "created_at": "2022-09-22T15:51:16.417Z"}}, {"model": "orders.payment", "pk": 3, "fields": {"user": 29, "transaction_id": "6E00378967191315K", "payment_method": "PayPal", "amount": "42.92", "status": "COMPLETED", "created_at": "2022-09-22T16:13:36.989Z"}}, {"model": "orders.payment", "pk": 4, "fields": {"user": 29, "transaction_id": "2LW23809E3584673J", "payment_method": "PayPal", "amount": "42.92", "status": "COMPLETED", "created_at": "2022-09-22T16:19:25.211Z"}}, {"model": "orders.payment", "pk": 5, "fields": {"user": 29, "transaction_id": "43R75906NF003800F", "payment_method": "PayPal", "amount": "42.92", "status": "COMPLETED", "created_at": "2022-09-22T16:23:59.081Z"}}, {"model": "orders.payment", "pk": 6, "fields": {"user": 29, "transaction_id": "07P26502KH3340920", "payment_method": "PayPal", "amount": "42.92", "status": "COMPLETED", "created_at": "2022-09-22T16:32:26.850Z"}}, {"model": "orders.payment", "pk": 7, "fields": {"user": 29, "transaction_id": "26V438109Y045345B", "payment_method": "PayPal", "amount": "42.92", "status": "COMPLETED", "created_at": "2022-09-23T07:56:33.003Z"}}, {"model": "orders.payment", "pk": 8, "fields": {"user": 29, "transaction_id": "5FM64533LA2470019", "payment_method": "PayPal", "amount": "100.92", "status": "COMPLETED", "created_at": "2022-09-23T09:00:22.303Z"}}, {"model": "orders.payment", "pk": 9, "fields": {"user": 29, "transaction_id": "1LR12651JK499414R", "payment_method": "PayPal", "amount": "100.92", "status": "COMPLETED", "created_at": "2022-09-23T10:29:32.363Z"}}, {"model": "orders.payment", "pk": 10, "fields": {"user": 29, "transaction_id": "0GD91926BS795250H", "payment_method": "PayPal", "amount": "100.92", "status": "COMPLETED", "created_at": "2022-09-23T10:37:28.869Z"}}, {"model": "orders.payment", "pk": 11, "fields": {"user": 29, "transaction_id": "0KL35575TU073681X", "payment_method": "PayPal", "amount": "100.92", "status": "COMPLETED", "created_at": "2022-09-23T10:42:18.282Z"}}, {"model": "orders.payment", "pk": 12, "fields": {"user": 29, "transaction_id": "23B093832S7180740", "payment_method": "PayPal", "amount": "100.92", "status": "COMPLETED", "created_at": "2022-09-23T10:49:34.138Z"}}, {"model": "orders.payment", "pk": 13, "fields": {"user": 29, "transaction_id": "0SY42345VP160903T", "payment_method": "PayPal", "amount": "100.92", "status": "COMPLETED", "created_at": "2022-09-23T10:50:41.170Z"}}, {"model": "orders.payment", "pk": 14, "fields": {"user": 29, "transaction_id": "6FU0003274373311B", "payment_method": "PayPal", "amount": "135.72", "status": "COMPLETED", "created_at": "2022-09-23T11:20:32.130Z"}}, {"model": "orders.payment", "pk": 15, "fields": {"user": 29, "transaction_id": "6AX658319B558740Y", "payment_method": "PayPal", "amount": "118.32", "status": "COMPLETED", "created_at": "2022-09-23T11:25:02.610Z"}}, {"model": "orders.payment", "pk": 16, "fields": {"user": 29, "transaction_id": "pay_KLfdzeQgSkRVHM", "payment_method": "RazorPay", "amount": "118.32", "status": "Success", "created_at": "2022-09-24T08:25:39.621Z"}}, {"model": "orders.payment", "pk": 17, "fields": {"user": 29, "transaction_id": "pay_KLfjWCZz6OGc3v", "payment_method": "RazorPay", "amount": "100.92", "status": "Success", "created_at": "2022-09-24T08:30:51.153Z"}}, {"model": "orders.payment", "pk": 18, "fields": {"user": 29, "transaction_id": "77969455KE392391U", "payment_method": "PayPal", "amount": "124.12", "status": "COMPLETED", "created_at": "2022-09-24T11:05:29.912Z"}}, {"model": "orders.payment", "pk": 19, "fields": {"user": 29, "transaction_id": "30A58404AN643322D", "payment_method": "PayPal", "amount": "124.12", "status": "COMPLETED", "created_at": "2022-09-24T12:00:33.611Z"}}, {"model": "orders.payment", "pk": 20, "fields": {"user": 29, "transaction_id": "5M909156F9763124E", "payment_method": "PayPal", "amount": "89.32", "status": "COMPLETED", "created_at": "2022-09-24T12:03:15.514Z"}}, {"model": "orders.payment", "pk": 21, "fields": {"user": 29, "transaction_id": "4664481539258001B", "payment_method": "PayPal", "amount": "69.6", "status": "COMPLETED", "created_at": "2022-09-24T12:04:45.185Z"}}, {"model": "orders.payment", "pk": 22, "fields": {"user": 29, "transaction_id": "7JW3631171919643M", "payment_method": "PayPal", "amount": "147.32", "status": "COMPLETED", "created_at": "2022-09-28T05:44:41.040Z"}}, {"model": "orders.payment", "pk": 23, "fields": {"user": 29, "transaction_id": "41K32358RE774580S", "payment_method": "PayPal", "amount": "170.52", "status": "COMPLETED", "created_at": "2022-09-28T09:29:31.277Z"}}, {"model": "orders.payment", "pk": 24, "fields": {"user": 36, "transaction_id": "5YM28464US5186521", "payment_method": "PayPal", "amount": "153.12", "status": "COMPLETED", "created_at": "2022-09-28T11:01:11.673Z"}}, {"model": "orders.payment", "pk": 25, "fields": {"user": 36, "transaction_id": "0HV152721W275274L", "payment_method": "PayPal", "amount": "153.12", "status": "COMPLETED", "created_at": "2022-09-28T11:02:42.513Z"}}, {"model": "orders.payment", "pk": 26, "fields": {"user": 36, "transaction_id": "41997205DB791193D", "payment_method": "PayPal", "amount": "153.12", "status": "COMPLETED", "created_at": "2022-09-28T11:13:37.428Z"}}, {"model": "orders.payment", "pk": 27, "fields": {"user": 36, "transaction_id": "2KR199152V472210L", "payment_method": "PayPal", "amount": "153.12", "status": "COMPLETED", "created_at": "2022-09-28T11:25:49.778Z"}}, {"model": "orders.payment", "pk": 28, "fields": {"user": 36, "transaction_id": "9M958727TJ446861R", "payment_method": "PayPal", "amount": "153.12", "status": "COMPLETED", "created_at": "2022-09-28T11:40:30.715Z"}}, {"model": "orders.order", "pk": 85, "fields": {"user": 29, "payment": 19, "order_number": "2022092417301285", "first_name": "Punith", "last_name": "Puni", "phone": "9876543210", "email": "punith88888888@gmail.com", "address": "Vijayanagar 2nd Stage Park, Manchegowdana koppalu, Vijay Nagar 2nd Stage, Vijayanagar, Mysuru, Karnataka, India", "country": "India", "state": "Karnataka", "city": "Mysuru", "pin_code": "570017", "total": 124.12, "tax_data": "{\"CGST\": {\"9.00\": 9.63}, \"SGST\": {\"7.00\": 7.49}}", "total_data": null, "total_tax": 17.12, "payment_method": "PayPal", "status": "New", "is_ordered": true, "created_at": "2022-09-24T12:00:12.703Z", "updated_at": "2022-09-24T12:00:33.617Z", "vendors": [3, 4, 7]}}, {"model": "orders.order", "pk": 86, "fields": {"user": 29, "payment": 20, "order_number": "2022092417325886", "first_name": "Punith", "last_name": "Puni", "phone": "9876543210", "email": "punith88888888@gmail.com", "address": "Vijayanagar 2nd Stage Park, Manchegowdana koppalu, Vijay Nagar 2nd Stage, Vijayanagar, Mysuru, Karnataka, India", "country": "India", "state": "Karnataka", "city": "Mysuru", "pin_code": "570017", "total": 89.32, "tax_data": "{\"CGST\": {\"9.00\": 6.93}, \"SGST\": {\"7.00\": 5.39}}", "total_data": null, "total_tax": 12.32, "payment_method": "PayPal", "status": "New", "is_ordered": true, "created_at": "2022-09-24T12:02:58.420Z", "updated_at": "2022-09-24T12:03:15.523Z", "vendors": [8, 3, 4]}}, {"model": "orders.order", "pk": 87, "fields": {"user": 29, "payment": 21, "order_number": "2022092417342687", "first_name": "Punith", "last_name": "Puni", "phone": "9876543210", "email": "punith88888888@gmail.com", "address": "Vijayanagar 2nd Stage Park, Manchegowdana koppalu, Vijay Nagar 2nd Stage, Vijayanagar, Mysuru, Karnataka, India", "country": "India", "state": "Karnataka", "city": "Mysuru", "pin_code": "570017", "total": 69.6, "tax_data": "{\"CGST\": {\"9.00\": 5.40}, \"SGST\": {\"7.00\": 4.20}}", "total_data": null, "total_tax": 9.6, "payment_method": "PayPal", "status": "New", "is_ordered": true, "created_at": "2022-09-24T12:04:26.736Z", "updated_at": "2022-09-24T12:04:45.190Z", "vendors": [6, 4]}}, {"model": "orders.order", "pk": 88, "fields": {"user": 29, "payment": null, "order_number": "2022092719242988", "first_name": "Punith", "last_name": "Puni", "phone": "9876543210", "email": "punith88888888@gmail.com", "address": "Vijayanagar 2nd Stage Park, Manchegowdana koppalu, Vijay Nagar 2nd Stage, Vijayanagar, Mysuru, Karnataka, India", "country": "India", "state": "Karnataka", "city": "Mysuru", "pin_code": "570017", "total": 98.6, "tax_data": "{\"CGST\": {\"9.00\": 7.65}, \"SGST\": {\"7.00\": 5.95}}", "total_data": null, "total_tax": 13.6, "payment_method": "PayPal", "status": "New", "is_ordered": false, "created_at": "2022-09-27T13:54:29.430Z", "updated_at": "2022-09-27T13:54:29.683Z", "vendors": [4, 6, 7]}}, {"model": "orders.order", "pk": 89, "fields": {"user": 29, "payment": null, "order_number": "2022092719311889", "first_name": "Punith", "last_name": "Puni", "phone": "9876543210", "email": "punith88888888@gmail.com", "address": "Vijayanagar 2nd Stage Park, Manchegowdana koppalu, Vijay Nagar 2nd Stage, Vijayanagar, Mysuru, Karnataka, India", "country": "India", "state": "Karnataka", "city": "Mysuru", "pin_code": "570017", "total": 98.6, "tax_data": "{\"CGST\": {\"9.00\": 7.65}, \"SGST\": {\"7.00\": 5.95}}", "total_data": null, "total_tax": 13.6, "payment_method": "PayPal", "status": "New", "is_ordered": false, "created_at": "2022-09-27T14:01:18.525Z", "updated_at": "2022-09-27T14:01:18.535Z", "vendors": [4, 6, 7]}}, {"model": "orders.order", "pk": 90, "fields": {"user": 29, "payment": null, "order_number": "2022092719333690", "first_name": "Punith", "last_name": "Puni", "phone": "9876543210", "email": "punith88888888@gmail.com", "address": "Vijayanagar 2nd Stage Park, Manchegowdana koppalu, Vijay Nagar 2nd Stage, Vijayanagar, Mysuru, Karnataka, India", "country": "India", "state": "Karnataka", "city": "Mysuru", "pin_code": "570017", "total": 98.6, "tax_data": "{\"CGST\": {\"9.00\": 7.65}, \"SGST\": {\"7.00\": 5.95}}", "total_data": null, "total_tax": 13.6, "payment_method": "PayPal", "status": "New", "is_ordered": false, "created_at": "2022-09-27T14:03:36.324Z", "updated_at": "2022-09-27T14:03:36.349Z", "vendors": [4, 6, 7]}}, {"model": "orders.order", "pk": 91, "fields": {"user": 29, "payment": null, "order_number": "2022092719361391", "first_name": "Punith", "last_name": "Puni", "phone": "9876543210", "email": "punith88888888@gmail.com", "address": "Vijayanagar 2nd Stage Park, Manchegowdana koppalu, Vijay Nagar 2nd Stage, Vijayanagar, Mysuru, Karnataka, India", "country": "India", "state": "Karnataka", "city": "Mysuru", "pin_code": "570017", "total": 98.6, "tax_data": "{\"CGST\": {\"9.00\": 7.65}, \"SGST\": {\"7.00\": 5.95}}", "total_data": null, "total_tax": 13.6, "payment_method": "PayPal", "status": "New", "is_ordered": false, "created_at": "2022-09-27T14:06:13.643Z", "updated_at": "2022-09-27T14:06:13.654Z", "vendors": [4, 6, 7]}}, {"model": "orders.order", "pk": 92, "fields": {"user": 29, "payment": null, "order_number": "2022092719383292", "first_name": "Punith", "last_name": "Puni", "phone": "9876543210", "email": "punith88888888@gmail.com", "address": "Vijayanagar 2nd Stage Park, Manchegowdana koppalu, Vijay Nagar 2nd Stage, Vijayanagar, Mysuru, Karnataka, India", "country": "India", "state": "Karnataka", "city": "Mysuru", "pin_code": "570017", "total": 98.6, "tax_data": "{\"CGST\": {\"9.00\": 7.65}, \"SGST\": {\"7.00\": 5.95}}", "total_data": null, "total_tax": 13.6, "payment_method": "PayPal", "status": "New", "is_ordered": false, "created_at": "2022-09-27T14:08:32.726Z", "updated_at": "2022-09-27T14:08:32.726Z", "vendors": [4, 6, 7]}}, {"model": "orders.order", "pk": 93, "fields": {"user": 29, "payment": null, "order_number": "2022092719431993", "first_name": "Punith", "last_name": "Puni", "phone": "9876543210", "email": "punith88888888@gmail.com", "address": "Vijayanagar 2nd Stage Park, Manchegowdana koppalu, Vijay Nagar 2nd Stage, Vijayanagar, Mysuru, Karnataka, India", "country": "India", "state": "Karnataka", "city": "Mysuru", "pin_code": "570017", "total": 98.6, "tax_data": "{\"CGST\": {\"9.00\": 7.65}, \"SGST\": {\"7.00\": 5.95}}", "total_data": null, "total_tax": 13.6, "payment_method": "PayPal", "status": "New", "is_ordered": false, "created_at": "2022-09-27T14:13:18.860Z", "updated_at": "2022-09-27T14:13:19.116Z", "vendors": [4, 6, 7]}}, {"model": "orders.order", "pk": 94, "fields": {"user": 29, "payment": null, "order_number": "2022092719435394", "first_name": "Punith", "last_name": "Puni", "phone": "9876543210", "email": "punith88888888@gmail.com", "address": "Vijayanagar 2nd Stage Park, Manchegowdana koppalu, Vijay Nagar 2nd Stage, Vijayanagar, Mysuru, Karnataka, India", "country": "India", "state": "Karnataka", "city": "Mysuru", "pin_code": "570017", "total": 98.6, "tax_data": "{\"CGST\": {\"9.00\": 7.65}, \"SGST\": {\"7.00\": 5.95}}", "total_data": null, "total_tax": 13.6, "payment_method": "PayPal", "status": "New", "is_ordered": false, "created_at": "2022-09-27T14:13:53.775Z", "updated_at": "2022-09-27T14:13:53.801Z", "vendors": [4, 6, 7]}}, {"model": "orders.order", "pk": 95, "fields": {"user": 29, "payment": null, "order_number": "2022092719443095", "first_name": "Punith", "last_name": "Puni", "phone": "9876543210", "email": "punith88888888@gmail.com", "address": "Vijayanagar 2nd Stage Park, Manchegowdana koppalu, Vijay Nagar 2nd Stage, Vijayanagar, Mysuru, Karnataka, India", "country": "India", "state": "Karnataka", "city": "Mysuru", "pin_code": "570017", "total": 98.6, "tax_data": "{\"CGST\": {\"9.00\": 7.65}, \"SGST\": {\"7.00\": 5.95}}", "total_data": null, "total_tax": 13.6, "payment_method": "PayPal", "status": "New", "is_ordered": false, "created_at": "2022-09-27T14:14:30.942Z", "updated_at": "2022-09-27T14:14:30.967Z", "vendors": [4, 6, 7]}}, {"model": "orders.order", "pk": 96, "fields": {"user": 29, "payment": null, "order_number": "2022092719471896", "first_name": "Punith", "last_name": "Puni", "phone": "9876543210", "email": "punith88888888@gmail.com", "address": "Vijayanagar 2nd Stage Park, Manchegowdana koppalu, Vijay Nagar 2nd Stage, Vijayanagar, Mysuru, Karnataka, India", "country": "India", "state": "Karnataka", "city": "Mysuru", "pin_code": "570017", "total": 98.6, "tax_data": "{\"CGST\": {\"9.00\": 7.65}, \"SGST\": {\"7.00\": 5.95}}", "total_data": null, "total_tax": 13.6, "payment_method": "PayPal", "status": "New", "is_ordered": false, "created_at": "2022-09-27T14:17:18.870Z", "updated_at": "2022-09-27T14:17:18.882Z", "vendors": [4, 6, 7]}}, {"model": "orders.order", "pk": 97, "fields": {"user": 29, "payment": null, "order_number": "2022092719475097", "first_name": "Punith", "last_name": "Puni", "phone": "9876543210", "email": "punith88888888@gmail.com", "address": "Vijayanagar 2nd Stage Park, Manchegowdana koppalu, Vijay Nagar 2nd Stage, Vijayanagar, Mysuru, Karnataka, India", "country": "India", "state": "Karnataka", "city": "Mysuru", "pin_code": "570017", "total": 98.6, "tax_data": "{\"CGST\": {\"9.00\": 7.65}, \"SGST\": {\"7.00\": 5.95}}", "total_data": null, "total_tax": 13.6, "payment_method": "PayPal", "status": "New", "is_ordered": false, "created_at": "2022-09-27T14:17:50.291Z", "updated_at": "2022-09-27T14:17:50.302Z", "vendors": [4, 6, 7]}}, {"model": "orders.order", "pk": 98, "fields": {"user": 29, "payment": null, "order_number": "2022092720532498", "first_name": "Punith", "last_name": "Puni", "phone": "9876543210", "email": "punith88888888@gmail.com", "address": "Vijayanagar 2nd Stage Park, Manchegowdana koppalu, Vijay Nagar 2nd Stage, Vijayanagar, Mysuru, Karnataka, India", "country": "India", "state": "Karnataka", "city": "Mysuru", "pin_code": "570017", "total": 98.6, "tax_data": "{\"CGST\": {\"9.00\": 7.65}, \"SGST\": {\"7.00\": 5.95}}", "total_data": null, "total_tax": 13.6, "payment_method": "PayPal", "status": "New", "is_ordered": false, "created_at": "2022-09-27T15:23:24.479Z", "updated_at": "2022-09-27T15:23:24.493Z", "vendors": [4, 6, 7]}}, {"model": "orders.order", "pk": 99, "fields": {"user": 29, "payment": null, "order_number": "2022092720541499", "first_name": "Punith", "last_name": "Puni", "phone": "9876543210", "email": "punith88888888@gmail.com", "address": "Vijayanagar 2nd Stage Park, Manchegowdana koppalu, Vijay Nagar 2nd Stage, Vijayanagar, Mysuru, Karnataka, India", "country": "India", "state": "Karnataka", "city": "Mysuru", "pin_code": "570017", "total": 133.4, "tax_data": "{\"CGST\": {\"9.00\": 10.35}, \"SGST\": {\"7.00\": 8.05}}", "total_data": null, "total_tax": 18.4, "payment_method": "PayPal", "status": "New", "is_ordered": false, "created_at": "2022-09-27T15:24:14.433Z", "updated_at": "2022-09-27T15:24:14.446Z", "vendors": [4, 6, 7]}}, {"model": "orders.order", "pk": 100, "fields": {"user": 29, "payment": null, "order_number": "20220927210003100", "first_name": "Punith", "last_name": "Puni", "phone": "9876543210", "email": "punith88888888@gmail.com", "address": "Vijayanagar 2nd Stage Park, Manchegowdana koppalu, Vijay Nagar 2nd Stage, Vijayanagar, Mysuru, Karnataka, India", "country": "India", "state": "Karnataka", "city": "Mysuru", "pin_code": "570017", "total": 133.4, "tax_data": "{\"CGST\": {\"9.00\": 10.35}, \"SGST\": {\"7.00\": 8.05}}", "total_data": null, "total_tax": 18.4, "payment_method": "PayPal", "status": "New", "is_ordered": false, "created_at": "2022-09-27T15:30:03.482Z", "updated_at": "2022-09-27T15:30:03.497Z", "vendors": [4, 6, 7]}}, {"model": "orders.order", "pk": 101, "fields": {"user": 29, "payment": null, "order_number": "20220927210438101", "first_name": "Punith", "last_name": "Puni", "phone": "9876543210", "email": "punith88888888@gmail.com", "address": "Vijayanagar 2nd Stage Park, Manchegowdana koppalu, Vijay Nagar 2nd Stage, Vijayanagar, Mysuru, Karnataka, India", "country": "India", "state": "Karnataka", "city": "Mysuru", "pin_code": "570017", "total": 133.4, "tax_data": "{\"CGST\": {\"9.00\": 10.35}, \"SGST\": {\"7.00\": 8.05}}", "total_data": null, "total_tax": 18.4, "payment_method": "PayPal", "status": "New", "is_ordered": false, "created_at": "2022-09-27T15:34:38.372Z", "updated_at": "2022-09-27T15:34:38.389Z", "vendors": [4, 6, 7]}}, {"model": "orders.order", "pk": 102, "fields": {"user": 29, "payment": null, "order_number": "20220927210459102", "first_name": "Punith", "last_name": "Puni", "phone": "9876543210", "email": "punith88888888@gmail.com", "address": "Vijayanagar 2nd Stage Park, Manchegowdana koppalu, Vijay Nagar 2nd Stage, Vijayanagar, Mysuru, Karnataka, India", "country": "India", "state": "Karnataka", "city": "Mysuru", "pin_code": "570017", "total": 133.4, "tax_data": "{\"CGST\": {\"9.00\": 10.35}, \"SGST\": {\"7.00\": 8.05}}", "total_data": null, "total_tax": 18.4, "payment_method": "PayPal", "status": "New", "is_ordered": false, "created_at": "2022-09-27T15:34:59.023Z", "updated_at": "2022-09-27T15:34:59.065Z", "vendors": [4, 6, 7]}}, {"model": "orders.order", "pk": 103, "fields": {"user": 29, "payment": null, "order_number": "20220927210638103", "first_name": "Punith", "last_name": "Puni", "phone": "9876543210", "email": "punith88888888@gmail.com", "address": "Vijayanagar 2nd Stage Park, Manchegowdana koppalu, Vijay Nagar 2nd Stage, Vijayanagar, Mysuru, Karnataka, India", "country": "India", "state": "Karnataka", "city": "Mysuru", "pin_code": "570017", "total": 133.4, "tax_data": "{\"CGST\": {\"9.00\": 10.35}, \"SGST\": {\"7.00\": 8.05}}", "total_data": null, "total_tax": 18.4, "payment_method": "PayPal", "status": "New", "is_ordered": false, "created_at": "2022-09-27T15:36:38.729Z", "updated_at": "2022-09-27T15:36:38.772Z", "vendors": [4, 6, 7]}}, {"model": "orders.order", "pk": 104, "fields": {"user": 29, "payment": null, "order_number": "20220927210707104", "first_name": "Punith", "last_name": "Puni", "phone": "9876543210", "email": "punith88888888@gmail.com", "address": "Vijayanagar 2nd Stage Park, Manchegowdana koppalu, Vijay Nagar 2nd Stage, Vijayanagar, Mysuru, Karnataka, India", "country": "India", "state": "Karnataka", "city": "Mysuru", "pin_code": "570017", "total": 133.4, "tax_data": "{\"CGST\": {\"9.00\": 10.35}, \"SGST\": {\"7.00\": 8.05}}", "total_data": null, "total_tax": 18.4, "payment_method": "PayPal", "status": "New", "is_ordered": false, "created_at": "2022-09-27T15:37:07.069Z", "updated_at": "2022-09-27T15:37:07.079Z", "vendors": [4, 6, 7]}}, {"model": "orders.order", "pk": 105, "fields": {"user": 29, "payment": null, "order_number": "20220927211606105", "first_name": "Punith", "last_name": "Puni", "phone": "9876543210", "email": "punith88888888@gmail.com", "address": "Vijayanagar 2nd Stage Park, Manchegowdana koppalu, Vijay Nagar 2nd Stage, Vijayanagar, Mysuru, Karnataka, India", "country": "India", "state": "Karnataka", "city": "Mysuru", "pin_code": "570017", "total": 133.4, "tax_data": "{\"CGST\": {\"9.00\": 10.35}, \"SGST\": {\"7.00\": 8.05}}", "total_data": "{\"4\": {\"40.00\": \"{'CGST': {'9.00': '3.60'}, 'SGST': {'7.00': '2.80'}}\"}, \"6\": {\"20.00\": \"{'CGST': {'9.00': '1.80'}, 'SGST': {'7.00': '1.40'}}\"}, \"7\": {\"55.00\": \"{'CGST': {'9.00': '4.95'}, 'SGST': {'7.00': '3.85'}}\"}}", "total_tax": 18.4, "payment_method": "PayPal", "status": "New", "is_ordered": false, "created_at": "2022-09-27T15:46:06.267Z", "updated_at": "2022-09-27T15:46:06.281Z", "vendors": [4, 6, 7]}}, {"model": "orders.order", "pk": 106, "fields": {"user": 29, "payment": 22, "order_number": "20220928111416106", "first_name": "Punith", "last_name": "Puni", "phone": "9876543210", "email": "punith88888888@gmail.com", "address": "Vijayanagar 2nd Stage Park, Manchegowdana koppalu, Vijay Nagar 2nd Stage, Vijayanagar, Mysuru, Karnataka, India", "country": "India", "state": "Karnataka", "city": "Mysuru", "pin_code": "570017", "total": 147.32, "tax_data": "{\"CGST\": {\"9.00\": 11.43}, \"SGST\": {\"7.00\": 8.89}}", "total_data": "{\"4\": {\"40.00\": \"{'CGST': {'9.00': '3.60'}, 'SGST': {'7.00': '2.80'}}\"}, \"6\": {\"20.00\": \"{'CGST': {'9.00': '1.80'}, 'SGST': {'7.00': '1.40'}}\"}, \"7\": {\"55.00\": \"{'CGST': {'9.00': '4.95'}, 'SGST': {'7.00': '3.85'}}\"}, \"3\": {\"12.00\": \"{'CGST': {'9.00': '1.08'}, 'SGST': {'7.00': '0.84'}}\"}}", "total_tax": 20.32, "payment_method": "PayPal", "status": "New", "is_ordered": true, "created_at": "2022-09-28T05:44:16.959Z", "updated_at": "2022-09-28T05:44:41.068Z", "vendors": [3, 4, 6, 7]}}, {"model": "orders.order", "pk": 107, "fields": {"user": 29, "payment": 23, "order_number": "20220928145906107", "first_name": "Punith", "last_name": "Puni", "phone": "9876543210", "email": "punith88888888@gmail.com", "address": "Vijayanagar 2nd Stage Park, Manchegowdana koppalu, Vijay Nagar 2nd Stage, Vijayanagar, Mysuru, Karnataka, India", "country": "India", "state": "Karnataka", "city": "Mysuru", "pin_code": "570017", "total": 170.52, "tax_data": "{\"CGST\": {\"9.00\": 13.23}, \"SGST\": {\"7.00\": 10.29}}", "total_data": "{\"4\": {\"40.00\": \"{'CGST': {'9.00': '3.60'}, 'SGST': {'7.00': '2.80'}}\"}, \"6\": {\"40.00\": \"{'CGST': {'9.00': '3.60'}, 'SGST': {'7.00': '2.80'}}\"}, \"7\": {\"55.00\": \"{'CGST': {'9.00': '4.95'}, 'SGST': {'7.00': '3.85'}}\"}, \"3\": {\"12.00\": \"{'CGST': {'9.00': '1.08'}, 'SGST': {'7.00': '0.84'}}\"}}", "total_tax": 23.52, "payment_method": "PayPal", "status": "New", "is_ordered": true, "created_at": "2022-09-28T09:29:06.355Z", "updated_at": "2022-09-28T09:29:31.281Z", "vendors": [3, 4, 6, 7]}}, {"model": "orders.order", "pk": 108, "fields": {"user": 36, "payment": 24, "order_number": "20220928163052108", "first_name": "Prajwal", "last_name": "Sharma", "phone": "8765432109", "email": "punithjaguar1997@gmail.com", "address": "Vijayanagar Water Tank, Manchegowdana koppalu, Vijay Nagar 2nd Stage, Vijayanagar, Mysuru, Karnataka", "country": "India", "state": "Karnataka", "city": "Mysuru", "pin_code": "570017", "total": 153.12, "tax_data": "{\"CGST\": {\"9.00\": 11.88}, \"SGST\": {\"7.00\": 9.24}}", "total_data": "{\"3\": {\"22.00\": \"{'CGST': {'9.00': '1.98'}, 'SGST': {'7.00': '1.54'}}\"}, \"4\": {\"25.00\": \"{'CGST': {'9.00': '2.25'}, 'SGST': {'7.00': '1.75'}}\"}, \"7\": {\"85.00\": \"{'CGST': {'9.00': '7.65'}, 'SGST': {'7.00': '5.95'}}\"}}", "total_tax": 21.12, "payment_method": "PayPal", "status": "New", "is_ordered": true, "created_at": "2022-09-28T11:00:52.196Z", "updated_at": "2022-09-28T11:01:11.693Z", "vendors": [3, 4, 7]}}, {"model": "orders.order", "pk": 109, "fields": {"user": 36, "payment": 25, "order_number": "20220928163227109", "first_name": "Prajwal", "last_name": "Sharma", "phone": "8765432109", "email": "punithjaguar1997@gmail.com", "address": "Vijayanagar Water Tank, Manchegowdana koppalu, Vijay Nagar 2nd Stage, Vijayanagar, Mysuru, Karnataka", "country": "India", "state": "Karnataka", "city": "Mysuru", "pin_code": "570017", "total": 153.12, "tax_data": "{\"CGST\": {\"9.00\": 11.88}, \"SGST\": {\"7.00\": 9.24}}", "total_data": "{\"3\": {\"22.00\": \"{'CGST': {'9.00': '1.98'}, 'SGST': {'7.00': '1.54'}}\"}, \"4\": {\"25.00\": \"{'CGST': {'9.00': '2.25'}, 'SGST': {'7.00': '1.75'}}\"}, \"7\": {\"85.00\": \"{'CGST': {'9.00': '7.65'}, 'SGST': {'7.00': '5.95'}}\"}}", "total_tax": 21.12, "payment_method": "PayPal", "status": "New", "is_ordered": true, "created_at": "2022-09-28T11:02:27.900Z", "updated_at": "2022-09-28T11:02:42.531Z", "vendors": [3, 4, 7]}}, {"model": "orders.order", "pk": 110, "fields": {"user": 36, "payment": 26, "order_number": "20220928164323110", "first_name": "Prajwal", "last_name": "Sharma", "phone": "8765432109", "email": "punithjaguar1997@gmail.com", "address": "Vijayanagar Water Tank, Manchegowdana koppalu, Vijay Nagar 2nd Stage, Vijayanagar, Mysuru, Karnataka", "country": "India", "state": "Karnataka", "city": "Mysuru", "pin_code": "570017", "total": 153.12, "tax_data": "{\"CGST\": {\"9.00\": 11.88}, \"SGST\": {\"7.00\": 9.24}}", "total_data": "{\"3\": {\"22.00\": \"{'CGST': {'9.00': '1.98'}, 'SGST': {'7.00': '1.54'}}\"}, \"4\": {\"25.00\": \"{'CGST': {'9.00': '2.25'}, 'SGST': {'7.00': '1.75'}}\"}, \"7\": {\"85.00\": \"{'CGST': {'9.00': '7.65'}, 'SGST': {'7.00': '5.95'}}\"}}", "total_tax": 21.12, "payment_method": "PayPal", "status": "New", "is_ordered": true, "created_at": "2022-09-28T11:13:23.923Z", "updated_at": "2022-09-28T11:13:37.433Z", "vendors": [3, 4, 7]}}, {"model": "orders.order", "pk": 111, "fields": {"user": 36, "payment": 27, "order_number": "20220928165530111", "first_name": "Prajwal", "last_name": "Sharma", "phone": "8765432109", "email": "punithjaguar1997@gmail.com", "address": "Vijayanagar Water Tank, Manchegowdana koppalu, Vijay Nagar 2nd Stage, Vijayanagar, Mysuru, Karnataka", "country": "India", "state": "Karnataka", "city": "Mysuru", "pin_code": "570017", "total": 153.12, "tax_data": "{\"CGST\": {\"9.00\": 11.88}, \"SGST\": {\"7.00\": 9.24}}", "total_data": "{\"3\": {\"22.00\": \"{'CGST': {'9.00': '1.98'}, 'SGST': {'7.00': '1.54'}}\"}, \"4\": {\"25.00\": \"{'CGST': {'9.00': '2.25'}, 'SGST': {'7.00': '1.75'}}\"}, \"7\": {\"85.00\": \"{'CGST': {'9.00': '7.65'}, 'SGST': {'7.00': '5.95'}}\"}}", "total_tax": 21.12, "payment_method": "PayPal", "status": "New", "is_ordered": true, "created_at": "2022-09-28T11:25:30.778Z", "updated_at": "2022-09-28T11:25:49.782Z", "vendors": [3, 4, 7]}}, {"model": "orders.order", "pk": 112, "fields": {"user": 36, "payment": 28, "order_number": "20220928171015112", "first_name": "Prajwal", "last_name": "Sharma", "phone": "8765432109", "email": "punithjaguar1997@gmail.com", "address": "Vijayanagar Water Tank, Manchegowdana koppalu, Vijay Nagar 2nd Stage, Vijayanagar, Mysuru, Karnataka", "country": "India", "state": "Karnataka", "city": "Mysuru", "pin_code": "570017", "total": 153.12, "tax_data": "{\"CGST\": {\"9.00\": 11.88}, \"SGST\": {\"7.00\": 9.24}}", "total_data": "{\"3\": {\"22.00\": \"{'CGST': {'9.00': '1.98'}, 'SGST': {'7.00': '1.54'}}\"}, \"4\": {\"25.00\": \"{'CGST': {'9.00': '2.25'}, 'SGST': {'7.00': '1.75'}}\"}, \"7\": {\"85.00\": \"{'CGST': {'9.00': '7.65'}, 'SGST': {'7.00': '5.95'}}\"}}", "total_tax": 21.12, "payment_method": "PayPal", "status": "New", "is_ordered": true, "created_at": "2022-09-28T11:40:15.489Z", "updated_at": "2022-09-28T11:40:30.724Z", "vendors": [3, 4, 7]}}, {"model": "orders.order", "pk": 113, "fields": {"user": 29, "payment": null, "order_number": "20220928204114113", "first_name": "Punith", "last_name": "Puni", "phone": "9876543210", "email": "punith88888888@gmail.com", "address": "Vijayanagar 2nd Stage Park, Manchegowdana koppalu, Vijay Nagar 2nd Stage, Vijayanagar, Mysuru, Karnataka, India", "country": "India", "state": "Karnataka", "city": "Mysuru", "pin_code": "570017", "total": 176.32, "tax_data": "{\"CGST\": {\"9.00\": 13.68}, \"SGST\": {\"7.00\": 10.64}}", "total_data": "{\"4\": {\"45.00\": \"{'CGST': {'9.00': '4.05'}, 'SGST': {'7.00': '3.15'}}\"}, \"6\": {\"40.00\": \"{'CGST': {'9.00': '3.60'}, 'SGST': {'7.00': '2.80'}}\"}, \"7\": {\"55.00\": \"{'CGST': {'9.00': '4.95'}, 'SGST': {'7.00': '3.85'}}\"}, \"3\": {\"12.00\": \"{'CGST': {'9.00': '1.08'}, 'SGST': {'7.00': '0.84'}}\"}}", "total_tax": 24.32, "payment_method": "PayPal", "status": "New", "is_ordered": false, "created_at": "2022-09-28T15:11:14.989Z", "updated_at": "2022-09-28T15:11:14.998Z", "vendors": [3, 4, 6, 7]}}, {"model": "orders.orderedfood", "pk": 59, "fields": {"order": 85, "payment": 19, "user": 29, "fooditem": 2, "quantity": 1, "price": 12.0, "amount": 12.0, "created_at": "2022-09-24T12:00:33.632Z", "updated_at": "2022-09-24T12:00:33.632Z"}}, {"model": "orders.orderedfood", "pk": 60, "fields": {"order": 85, "payment": 19, "user": 29, "fooditem": 18, "quantity": 2, "price": 30.0, "amount": 60.0, "created_at": "2022-09-24T12:00:33.645Z", "updated_at": "2022-09-24T12:00:33.645Z"}}, {"model": "orders.orderedfood", "pk": 61, "fields": {"order": 85, "payment": 19, "user": 29, "fooditem": 3, "quantity": 1, "price": 15.0, "amount": 15.0, "created_at": "2022-09-24T12:00:33.650Z", "updated_at": "2022-09-24T12:00:33.650Z"}}, {"model": "orders.orderedfood", "pk": 62, "fields": {"order": 85, "payment": 19, "user": 29, "fooditem": 10, "quantity": 2, "price": 10.0, "amount": 20.0, "created_at": "2022-09-24T12:00:33.652Z", "updated_at": "2022-09-24T12:00:33.652Z"}}, {"model": "orders.orderedfood", "pk": 63, "fields": {"order": 86, "payment": 20, "user": 29, "fooditem": 10, "quantity": 2, "price": 10.0, "amount": 20.0, "created_at": "2022-09-24T12:03:15.534Z", "updated_at": "2022-09-24T12:03:15.534Z"}}, {"model": "orders.orderedfood", "pk": 64, "fields": {"order": 86, "payment": 20, "user": 29, "fooditem": 13, "quantity": 1, "price": 15.0, "amount": 15.0, "created_at": "2022-09-24T12:03:15.540Z", "updated_at": "2022-09-24T12:03:15.540Z"}}, {"model": "orders.orderedfood", "pk": 65, "fields": {"order": 86, "payment": 20, "user": 29, "fooditem": 12, "quantity": 1, "price": 10.0, "amount": 10.0, "created_at": "2022-09-24T12:03:15.542Z", "updated_at": "2022-09-24T12:03:15.542Z"}}, {"model": "orders.orderedfood", "pk": 66, "fields": {"order": 86, "payment": 20, "user": 29, "fooditem": 5, "quantity": 1, "price": 15.0, "amount": 15.0, "created_at": "2022-09-24T12:03:15.546Z", "updated_at": "2022-09-24T12:03:15.546Z"}}, {"model": "orders.orderedfood", "pk": 67, "fields": {"order": 86, "payment": 20, "user": 29, "fooditem": 2, "quantity": 1, "price": 12.0, "amount": 12.0, "created_at": "2022-09-24T12:03:15.548Z", "updated_at": "2022-09-24T12:03:15.548Z"}}, {"model": "orders.orderedfood", "pk": 68, "fields": {"order": 86, "payment": 20, "user": 29, "fooditem": 16, "quantity": 1, "price": 5.0, "amount": 5.0, "created_at": "2022-09-24T12:03:15.554Z", "updated_at": "2022-09-24T12:03:15.554Z"}}, {"model": "orders.orderedfood", "pk": 69, "fields": {"order": 87, "payment": 21, "user": 29, "fooditem": 10, "quantity": 2, "price": 10.0, "amount": 20.0, "created_at": "2022-09-24T12:04:45.211Z", "updated_at": "2022-09-24T12:04:45.211Z"}}, {"model": "orders.orderedfood", "pk": 70, "fields": {"order": 87, "payment": 21, "user": 29, "fooditem": 14, "quantity": 1, "price": 20.0, "amount": 20.0, "created_at": "2022-09-24T12:04:45.219Z", "updated_at": "2022-09-24T12:04:45.219Z"}}, {"model": "orders.orderedfood", "pk": 71, "fields": {"order": 87, "payment": 21, "user": 29, "fooditem": 11, "quantity": 1, "price": 20.0, "amount": 20.0, "created_at": "2022-09-24T12:04:45.225Z", "updated_at": "2022-09-24T12:04:45.225Z"}}, {"model": "orders.orderedfood", "pk": 72, "fields": {"order": 106, "payment": 22, "user": 29, "fooditem": 10, "quantity": 2, "price": 10.0, "amount": 20.0, "created_at": "2022-09-28T05:44:41.148Z", "updated_at": "2022-09-28T05:44:41.148Z"}}, {"model": "orders.orderedfood", "pk": 73, "fields": {"order": 106, "payment": 22, "user": 29, "fooditem": 14, "quantity": 1, "price": 20.0, "amount": 20.0, "created_at": "2022-09-28T05:44:41.170Z", "updated_at": "2022-09-28T05:44:41.170Z"}}, {"model": "orders.orderedfood", "pk": 74, "fields": {"order": 106, "payment": 22, "user": 29, "fooditem": 11, "quantity": 1, "price": 20.0, "amount": 20.0, "created_at": "2022-09-28T05:44:41.174Z", "updated_at": "2022-09-28T05:44:41.174Z"}}, {"model": "orders.orderedfood", "pk": 75, "fields": {"order": 106, "payment": 22, "user": 29, "fooditem": 17, "quantity": 1, "price": 25.0, "amount": 25.0, "created_at": "2022-09-28T05:44:41.179Z", "updated_at": "2022-09-28T05:44:41.179Z"}}, {"model": "orders.orderedfood", "pk": 76, "fields": {"order": 106, "payment": 22, "user": 29, "fooditem": 18, "quantity": 1, "price": 30.0, "amount": 30.0, "created_at": "2022-09-28T05:44:41.185Z", "updated_at": "2022-09-28T05:44:41.185Z"}}, {"model": "orders.orderedfood", "pk": 77, "fields": {"order": 106, "payment": 22, "user": 29, "fooditem": 2, "quantity": 1, "price": 12.0, "amount": 12.0, "created_at": "2022-09-28T05:44:41.190Z", "updated_at": "2022-09-28T05:44:41.190Z"}}, {"model": "orders.orderedfood", "pk": 78, "fields": {"order": 107, "payment": 23, "user": 29, "fooditem": 10, "quantity": 2, "price": 10.0, "amount": 20.0, "created_at": "2022-09-28T09:29:31.298Z", "updated_at": "2022-09-28T09:29:31.298Z"}}, {"model": "orders.orderedfood", "pk": 79, "fields": {"order": 107, "payment": 23, "user": 29, "fooditem": 11, "quantity": 1, "price": 20.0, "amount": 20.0, "created_at": "2022-09-28T09:29:31.304Z", "updated_at": "2022-09-28T09:29:31.304Z"}}, {"model": "orders.orderedfood", "pk": 80, "fields": {"order": 107, "payment": 23, "user": 29, "fooditem": 17, "quantity": 1, "price": 25.0, "amount": 25.0, "created_at": "2022-09-28T09:29:31.306Z", "updated_at": "2022-09-28T09:29:31.306Z"}}, {"model": "orders.orderedfood", "pk": 81, "fields": {"order": 107, "payment": 23, "user": 29, "fooditem": 18, "quantity": 1, "price": 30.0, "amount": 30.0, "created_at": "2022-09-28T09:29:31.310Z", "updated_at": "2022-09-28T09:29:31.310Z"}}, {"model": "orders.orderedfood", "pk": 82, "fields": {"order": 107, "payment": 23, "user": 29, "fooditem": 2, "quantity": 1, "price": 12.0, "amount": 12.0, "created_at": "2022-09-28T09:29:31.316Z", "updated_at": "2022-09-28T09:29:31.316Z"}}, {"model": "orders.orderedfood", "pk": 83, "fields": {"order": 107, "payment": 23, "user": 29, "fooditem": 14, "quantity": 2, "price": 20.0, "amount": 40.0, "created_at": "2022-09-28T09:29:31.322Z", "updated_at": "2022-09-28T09:29:31.322Z"}}, {"model": "orders.orderedfood", "pk": 84, "fields": {"order": 108, "payment": 24, "user": 36, "fooditem": 1, "quantity": 1, "price": 10.0, "amount": 10.0, "created_at": "2022-09-28T11:01:11.708Z", "updated_at": "2022-09-28T11:01:11.708Z"}}, {"model": "orders.orderedfood", "pk": 85, "fields": {"order": 108, "payment": 24, "user": 36, "fooditem": 2, "quantity": 1, "price": 12.0, "amount": 12.0, "created_at": "2022-09-28T11:01:11.720Z", "updated_at": "2022-09-28T11:01:11.720Z"}}, {"model": "orders.orderedfood", "pk": 86, "fields": {"order": 108, "payment": 24, "user": 36, "fooditem": 16, "quantity": 1, "price": 5.0, "amount": 5.0, "created_at": "2022-09-28T11:01:11.720Z", "updated_at": "2022-09-28T11:01:11.720Z"}}, {"model": "orders.orderedfood", "pk": 87, "fields": {"order": 108, "payment": 24, "user": 36, "fooditem": 11, "quantity": 1, "price": 20.0, "amount": 20.0, "created_at": "2022-09-28T11:01:11.720Z", "updated_at": "2022-09-28T11:01:11.720Z"}}, {"model": "orders.orderedfood", "pk": 88, "fields": {"order": 108, "payment": 24, "user": 36, "fooditem": 17, "quantity": 1, "price": 25.0, "amount": 25.0, "created_at": "2022-09-28T11:01:11.769Z", "updated_at": "2022-09-28T11:01:11.769Z"}}, {"model": "orders.orderedfood", "pk": 89, "fields": {"order": 108, "payment": 24, "user": 36, "fooditem": 18, "quantity": 2, "price": 30.0, "amount": 60.0, "created_at": "2022-09-28T11:01:11.785Z", "updated_at": "2022-09-28T11:01:11.785Z"}}, {"model": "orders.orderedfood", "pk": 90, "fields": {"order": 109, "payment": 25, "user": 36, "fooditem": 1, "quantity": 1, "price": 10.0, "amount": 10.0, "created_at": "2022-09-28T11:02:42.582Z", "updated_at": "2022-09-28T11:02:42.582Z"}}, {"model": "orders.orderedfood", "pk": 91, "fields": {"order": 109, "payment": 25, "user": 36, "fooditem": 2, "quantity": 1, "price": 12.0, "amount": 12.0, "created_at": "2022-09-28T11:02:42.646Z", "updated_at": "2022-09-28T11:02:42.646Z"}}, {"model": "orders.orderedfood", "pk": 92, "fields": {"order": 109, "payment": 25, "user": 36, "fooditem": 16, "quantity": 1, "price": 5.0, "amount": 5.0, "created_at": "2022-09-28T11:02:42.657Z", "updated_at": "2022-09-28T11:02:42.657Z"}}, {"model": "orders.orderedfood", "pk": 93, "fields": {"order": 109, "payment": 25, "user": 36, "fooditem": 11, "quantity": 1, "price": 20.0, "amount": 20.0, "created_at": "2022-09-28T11:02:42.673Z", "updated_at": "2022-09-28T11:02:42.673Z"}}, {"model": "orders.orderedfood", "pk": 94, "fields": {"order": 109, "payment": 25, "user": 36, "fooditem": 17, "quantity": 1, "price": 25.0, "amount": 25.0, "created_at": "2022-09-28T11:02:42.673Z", "updated_at": "2022-09-28T11:02:42.673Z"}}, {"model": "orders.orderedfood", "pk": 95, "fields": {"order": 109, "payment": 25, "user": 36, "fooditem": 18, "quantity": 2, "price": 30.0, "amount": 60.0, "created_at": "2022-09-28T11:02:42.673Z", "updated_at": "2022-09-28T11:02:42.673Z"}}, {"model": "orders.orderedfood", "pk": 96, "fields": {"order": 110, "payment": 26, "user": 36, "fooditem": 1, "quantity": 1, "price": 10.0, "amount": 10.0, "created_at": "2022-09-28T11:13:37.450Z", "updated_at": "2022-09-28T11:13:37.450Z"}}, {"model": "orders.orderedfood", "pk": 97, "fields": {"order": 110, "payment": 26, "user": 36, "fooditem": 2, "quantity": 1, "price": 12.0, "amount": 12.0, "created_at": "2022-09-28T11:13:37.455Z", "updated_at": "2022-09-28T11:13:37.455Z"}}, {"model": "orders.orderedfood", "pk": 98, "fields": {"order": 110, "payment": 26, "user": 36, "fooditem": 16, "quantity": 1, "price": 5.0, "amount": 5.0, "created_at": "2022-09-28T11:13:37.460Z", "updated_at": "2022-09-28T11:13:37.460Z"}}, {"model": "orders.orderedfood", "pk": 99, "fields": {"order": 110, "payment": 26, "user": 36, "fooditem": 11, "quantity": 1, "price": 20.0, "amount": 20.0, "created_at": "2022-09-28T11:13:37.464Z", "updated_at": "2022-09-28T11:13:37.464Z"}}, {"model": "orders.orderedfood", "pk": 100, "fields": {"order": 110, "payment": 26, "user": 36, "fooditem": 17, "quantity": 1, "price": 25.0, "amount": 25.0, "created_at": "2022-09-28T11:13:37.468Z", "updated_at": "2022-09-28T11:13:37.468Z"}}, {"model": "orders.orderedfood", "pk": 101, "fields": {"order": 110, "payment": 26, "user": 36, "fooditem": 18, "quantity": 2, "price": 30.0, "amount": 60.0, "created_at": "2022-09-28T11:13:37.473Z", "updated_at": "2022-09-28T11:13:37.473Z"}}, {"model": "orders.orderedfood", "pk": 102, "fields": {"order": 111, "payment": 27, "user": 36, "fooditem": 1, "quantity": 1, "price": 10.0, "amount": 10.0, "created_at": "2022-09-28T11:25:49.795Z", "updated_at": "2022-09-28T11:25:49.795Z"}}, {"model": "orders.orderedfood", "pk": 103, "fields": {"order": 111, "payment": 27, "user": 36, "fooditem": 2, "quantity": 1, "price": 12.0, "amount": 12.0, "created_at": "2022-09-28T11:25:49.801Z", "updated_at": "2022-09-28T11:25:49.801Z"}}, {"model": "orders.orderedfood", "pk": 104, "fields": {"order": 111, "payment": 27, "user": 36, "fooditem": 16, "quantity": 1, "price": 5.0, "amount": 5.0, "created_at": "2022-09-28T11:25:49.807Z", "updated_at": "2022-09-28T11:25:49.807Z"}}, {"model": "orders.orderedfood", "pk": 105, "fields": {"order": 111, "payment": 27, "user": 36, "fooditem": 11, "quantity": 1, "price": 20.0, "amount": 20.0, "created_at": "2022-09-28T11:25:49.810Z", "updated_at": "2022-09-28T11:25:49.810Z"}}, {"model": "orders.orderedfood", "pk": 106, "fields": {"order": 111, "payment": 27, "user": 36, "fooditem": 17, "quantity": 1, "price": 25.0, "amount": 25.0, "created_at": "2022-09-28T11:25:49.814Z", "updated_at": "2022-09-28T11:25:49.814Z"}}, {"model": "orders.orderedfood", "pk": 107, "fields": {"order": 111, "payment": 27, "user": 36, "fooditem": 18, "quantity": 2, "price": 30.0, "amount": 60.0, "created_at": "2022-09-28T11:25:49.819Z", "updated_at": "2022-09-28T11:25:49.819Z"}}, {"model": "orders.orderedfood", "pk": 108, "fields": {"order": 112, "payment": 28, "user": 36, "fooditem": 1, "quantity": 1, "price": 10.0, "amount": 10.0, "created_at": "2022-09-28T11:40:30.741Z", "updated_at": "2022-09-28T11:40:30.741Z"}}, {"model": "orders.orderedfood", "pk": 109, "fields": {"order": 112, "payment": 28, "user": 36, "fooditem": 2, "quantity": 1, "price": 12.0, "amount": 12.0, "created_at": "2022-09-28T11:40:30.748Z", "updated_at": "2022-09-28T11:40:30.748Z"}}, {"model": "orders.orderedfood", "pk": 110, "fields": {"order": 112, "payment": 28, "user": 36, "fooditem": 16, "quantity": 1, "price": 5.0, "amount": 5.0, "created_at": "2022-09-28T11:40:30.752Z", "updated_at": "2022-09-28T11:40:30.752Z"}}, {"model": "orders.orderedfood", "pk": 111, "fields": {"order": 112, "payment": 28, "user": 36, "fooditem": 11, "quantity": 1, "price": 20.0, "amount": 20.0, "created_at": "2022-09-28T11:40:30.759Z", "updated_at": "2022-09-28T11:40:30.759Z"}}, {"model": "orders.orderedfood", "pk": 112, "fields": {"order": 112, "payment": 28, "user": 36, "fooditem": 17, "quantity": 1, "price": 25.0, "amount": 25.0, "created_at": "2022-09-28T11:40:30.765Z", "updated_at": "2022-09-28T11:40:30.765Z"}}, {"model": "orders.orderedfood", "pk": 113, "fields": {"order": 112, "payment": 28, "user": 36, "fooditem": 18, "quantity": 2, "price": 30.0, "amount": 60.0, "created_at": "2022-09-28T11:40:30.770Z", "updated_at": "2022-09-28T11:40:30.770Z"}}]